
==============================================================================
Z26 -- kalibrovka (q, kappa) konstrukcii klassifikatora v2
==============================================================================
KONTROL-SLOVO-Z26
Vopros: sushchestvuet li para (q, kappa), berushchaya A i B odnovremenno.
Dohodnosti ne otkryvayutsya. Storozha: _yahoo (belyy spisok simvolov),
_z05 (belyy spisok klyuchey), skan imyon funkciy modulya.
Setka: q 46 uzlov (0.00 .. 0.90, shag 0.02) x kappa 11 uzlov = 506 yacheek

-- 3.1 Ryady -----------------------------------------------------------------
  DGS2         n=12537  1976-06-01 .. 2026-07-30  (0.0s)
  DGS5         n=16129  1962-01-02 .. 2026-07-30  (0.0s)
  DGS10        n=16129  1962-01-02 .. 2026-07-30  (0.0s)
  T5YIE        n=5899   2003-01-02 .. 2026-07-31  (0.0s)
  PERMIT       n=798    1960-01-01 .. 2026-06-01  (0.0s)
  IC4WSA       n=3105   1967-01-28 .. 2026-07-25  (0.0s)
  NOF          n=699    1968-05-01 .. 2026-07-01  (0.0s)
  FEDFUNDS     n=864    1954-07-01 .. 2026-06-01  (0.0s)
  DFEDTAR      n=9577   1982-09-27 .. 2008-12-15  (0.0s)
  DFEDTARU     n=6439   2008-12-16 .. 2026-08-02  (0.0s)
  DFEDTARL     n=6439   2008-12-16 .. 2026-08-02  (0.0s)
  UMCSENT      n=674    1952-11-01 .. 2026-06-01  (0.0s)
  DX-Y.NYB     n=14112  1971-01-04 .. 2026-08-02  (0.8s)
  GC=F         n=6503   2000-08-30 .. 2026-07-31  (0.6s)
  HG=F         n=6508   2000-08-30 .. 2026-07-31  (0.6s)
  CL=F         n=6512   2000-08-23 .. 2026-07-31  (0.5s)
  ZQ=F         n=6489   2000-09-01 .. 2026-07-31  (0.5s)
[sources] NAHB t2: https://www.nahb.org/-/media/NAHB/news-and-economics/docs/housing-economics/hmi/2026-07/t2-national-hmi-history-202607.xls?rev=0c35c16921ef46749068833427ed31fe&hash=75803D357537EC6B359EF20AA39410D1
  NAHB         n=499    1985-01-01 .. 2026-07-01  (0.0s)
  COMPOSITE    n=393    1993-11-01 .. 2026-07-01  (0.0s)

-- 3.2 Predposylka: lestnica Z06 (ta zhe proverka, chto v Z05 i Z27) ---------
  ladder.rejected = True
  ladder_practical month_counts = {'1.0': 272, '-1.0': 121}
  vyzov po zabrakovannoy lestnice otkazyvaet: True

-- 4.1 Setki (HYPOTHESIS sec.1.3, kalendar' -- iz DGS10, ne iz cen) ----------
  mesyacev iz Z05/result.json['month_end_dates']: 270  (2004-01 .. 2026-06)
  dnevnaya setka (DGS10 + koncy mesyacev): razgon 6375 dney, okno 5627 dney
  koncov mesyacev Z05 vne setki: 0
  kalibrovochnyy otrezok (tol'ko dlya kontrolya 9): 2004-01-02 .. 2014-12-31, 2753 dney
  okno v kalendarnyh dnyah: 8217

-- 5.1 Mesyachnye i nedel'nye vhody ------------------------------------------
  NAHB 496 | PERMIT 772 | kompozit 390 | NOF 696 | IC4WSA 2989 nedel'
  UMCSENT: porog urovnya = mediana kalibrovochnogo otrezka = 78.35, mesyacev vklada 662
  KONTROL 8 (Z06): vklad kompozita po znacheniyam = {1.0: 149, 0.2: 38, -0.2: 120, -1.0: 83}

-- 5.2 Faza rezhima DKP ------------------------------------------------------
  faza opredelena v 6375 dnyah iz 6375

-- 5.3 Dnevnye vhody ---------------------------------------------------------
  okno 10 dn.: us2y=6126, real5=5621, dxy=6126, zq=6126, hggc=6126, clgc=6124

-- 5.4 Forma krivoy (perenos Z27 + vetka TWIST, HYPOTHESIS sec.6) ------------
  okno  5 dn. (chtenie v2): {'I': 565, 'II': 220, 'III': 234, 'IV': 589, 'PARALLEL': 3460, 'TWIST': 559}
  okno 10 dn. (chtenie v2): {'I': 785, 'II': 277, 'III': 363, 'IV': 751, 'PARALLEL': 2704, 'TWIST': 747}
  okno 30 dn. (chtenie v2): {'I': 1035, 'II': 435, 'III': 620, 'IV': 932, 'PARALLEL': 1681, 'TWIST': 924}

==============================================================================
6. Sostavy osey: D0 -- kontrol' predshestvennicy, D4 -- konstrukciya v2
==============================================================================
  D0  fed=0.65 (dxy+phase+real5+us2y)  macro=0.64 (claims+clgc+comp+hggc+nahb+nof+permit)  -- sostav Z05/Z27 -- tol'ko dlya kontrolya vosproizvedeniya
  D4  fed=0.65 (phase+real5+us2y+zq)  macro=0.62 (claims+comp+nahb+nof+permit+umcsent)  -- konstrukciya v2 (sec.1.4.3, sec.1.4.4, sec.1.4.11)
  D0  dney bez osi FED    6, bez osi MACRO    0 (iz 5627)
  D4  dney bez osi FED    6, bez osi MACRO    0 (iz 5627)
  D4: |score| FED  n=5621  min=0.000000  max=1.000000
  D4: |score| MACRO n=5627  min=0.000412  max=1.000000
  dney s |score| rovno 0: FED 1, MACRO 0 (vazhno dlya kontrolya kappa=1)

==============================================================================
8. Kontroli vosproizvedeniya: konveyer -- tot zhe, chto v Z05 i Z27
==============================================================================
KONTROL-SLOVO-Z26
  Z05 P10: q=0.42 theta_fed=0.2199 theta_macro=0.2084

-- 8.1 KONTROL 1 (novyy, sec.1.4.7-bis): pri kappa=1 -- Z05 vo vseh 270 mes. -
  rashozhdeniy pomesyachnyh sostoyaniy s Z05 P10: 0 iz 270
  -> gisterezis pri kappa=1 tozhdestven pravilu Z05 na otchyotnoy setke.

-- 8.1-bis Sil'naya forma: kappa=1 == bezpamyatnoe pravilo na VSEY setke -----
  HYPOTHESIS sec.3.3 nazval edinstvennoe teoreticheski vozmozhnoe
  rashozhdenie zaranee: den', gde score rovno nol' pri theta_hi rovno nol'
  (znak nulya). Nizhe -- OBE versii kontrolya: pred-registrirovannaya
  strogaya i suzhennaya (sec.11 zapis' 1).
  uzlov q provereno: 46; dney na uzel: 5627 x 4 ryada
  (a) STROGAYA versiya (pred-registrirovannaya): rashozhdeniy 1
      q=0.00 D4.sf 2022-06-23 score=0.0 theta=0.0 h=1 m=-1   znak nulya pri theta=0
  (b) iz nih vyrozhdennyh 'znak nulya pri theta_hi=0': 1
  (v) SUSHCHESTVENNYH rashozhdeniy: 0
  Diagnostika vyrozhdennogo dnya (vklady osi FED sostava D4):
    2022-06-23  chasti = {'us2y': 1.0, 'real5': -0.0, 'phase': -1.0, 'dxy': 0.218421, 'zq': -1.0}
    2022-06-23  score_FED = 0.0 pri vesah {'us2y': 0.25, 'real5': 0.15, 'phase': 0.15, 'zq': 0.1}

-- 8.2 KONTROLI 2-7 (perenos Z27 sec.2) --------------------------------------
  KONTROL 2 raspredelenie: {'CENTER': 263, 'I': 3, 'II': 2, 'IV': 2}
  KONTROL 3 kvadrant nazvan porogami: 91 (Z05: 91)
  KONTROL 4 pogasheno predohranitelem: 84 (Z05: 84)
  KONTROL 5 'parallel'nyy sdvig' po oknam: {5: 169, 10: 140, 30: 78} (Z05: {5: 169, 10: 140, 30: 78})
  KONTROL 6 A20NOVAL: kvadrantnyh mesyacev 176 (Z05: 176)
  KONTROL 7 VOTE: kvadrantnyh mesyacev 13 (Z05: 13)

-- 8.3 KONTROL 9 (sverh vos'mi): pravilo Bq_B dayot q = 0.42 -----------------
  Bq_B na setke 0.00..0.60 shag 0.02 dayot q = 0.42 (Z05: 0.42)

  VSE DEVYAT' KONTROLEY PROYDENY.

==============================================================================
9. Setka (q, kappa): 46 x 11 = 506 yacheek
==============================================================================
KONTROL-SLOVO-Z26
  theta_hi = kvantil' q ot |score| na VSYOM okne (sec.1.4.7-bis);
  theta_lo = kappa * theta_hi; Centr cherez ILI; veto snyato; setka C_M.
  poscheno 506 yacheek za 2.4 s

-- 9.1 Polnaya tablica po VSEY ob'yavlennoy setke ----------------------------
  Kolonki: Centr -- dolya otchyotnyh mesyacev v Centre (trebovanie A);
  kvadr -- dolya kvadrantnyh mesyacev; C/I/II/III/IV -- raspredelenie po
  pyati sostoyaniyam; sred/med -- dlitel'nost' spella v kvadrante, dney
  (trebovanie B: sred >= 30); par -- iz 14 s n >= 24; zaderzhka na
  razvorotah v kalendarnyh dnyah, DVE mery (sm. sec.11.1): LAST --
  pred-registrirovannaya (ot poslednego utverzhdeniya znaka pri kappa=1),
  HOLD -- ot pervogo otkaza ot znaka pri kappa=1; obe mediana/maksimum.
  AB -- vzyaty li trebovaniya.

      q kappa   th_fed   th_mac  Centr     C     I    II   III    IV    sred     med  par LASTmed LASTmax HOLDmed HOLDmax n_razv  AB
   0.00  1.00   0.0000   0.0004  0.000     0    67    94    46    63    16.9     8.0   14     0.0       0     0.0       0    492  --
   0.00  0.90   0.0000   0.0004  0.000     0    67    94    46    63    16.9     8.0   14     0.0       0     0.0       0    492  --
   0.00  0.80   0.0000   0.0004  0.000     0    67    94    46    63    16.9     8.0   14     0.0       0     0.0       0    492  --
   0.00  0.70   0.0000   0.0004  0.000     0    67    94    46    63    16.9     8.0   14     0.0       0     0.0       0    492  --
   0.00  0.60   0.0000   0.0004  0.000     0    67    94    46    63    16.9     8.0   14     0.0       0     0.0       0    492  --
   0.00  0.50   0.0000   0.0004  0.000     0    67    94    46    63    16.9     8.0   14     0.0       0     0.0       0    492  --
   0.00  0.40   0.0000   0.0004  0.000     0    67    94    46    63    16.9     8.0   14     0.0       0     0.0       0    492  --
   0.00  0.30   0.0000   0.0004  0.000     0    67    94    46    63    16.9     8.0   14     0.0       0     0.0       0    492  --
   0.00  0.20   0.0000   0.0004  0.000     0    67    94    46    63    16.9     8.0   14     0.0       0     0.0       0    492  --
   0.00  0.10   0.0000   0.0004  0.000     0    67    94    46    63    16.9     8.0   14     0.0       0     0.0       0    492  --
   0.00  0.05   0.0000   0.0004  0.000     0    67    94    46    63    16.9     8.0   14     0.0       0     0.0       0    492  --
   0.02  1.00   0.0120   0.0104  0.022     6    65    92    44    63    16.2     7.0   14     0.0       0     0.0       0    448  --
   0.02  0.90   0.0120   0.0104  0.022     6    65    92    44    63    16.3     7.0   14     0.0       4     0.0       8    448  --
   0.02  0.80   0.0120   0.0104  0.019     5    66    92    44    63    16.4     7.0   14     0.0       4     0.0       8    448  --
   0.02  0.70   0.0120   0.0104  0.019     5    66    92    44    63    16.5     7.0   14     0.0       7     0.0     260    448  --
   0.02  0.60   0.0120   0.0104  0.019     5    66    92    44    63    16.4     7.0   14     0.0       7     0.0     260    448  --
   0.02  0.50   0.0120   0.0104  0.019     5    66    92    44    63    16.5     7.0   14     0.0       7     0.0     260    448  --
   0.02  0.40   0.0120   0.0104  0.019     5    66    92    44    63    16.6     7.0   14     0.0       7     0.0     260    448  --
   0.02  0.30   0.0120   0.0104  0.019     5    66    92    44    63    16.8     8.0   14     0.0      10     0.0     350    448  --
   0.02  0.20   0.0120   0.0104  0.019     5    66    92    44    63    17.0     8.0   14     0.0      10     0.0     350    448  --
   0.02  0.10   0.0120   0.0104  0.019     5    66    92    44    63    17.2     8.0   14     0.0      10     0.0     350    448  --
   0.02  0.05   0.0120   0.0104  0.019     5    66    92    44    63    17.3     8.0   14     0.0      10     0.0     350    448  --
   0.04  1.00   0.0247   0.0267  0.063    17    61    90    42    60    15.7     7.0   14     0.0       0     0.0       0    408  --
   0.04  0.90   0.0247   0.0267  0.063    17    61    90    42    60    16.0     7.0   14     0.0       1     0.0     595    408  --
   0.04  0.80   0.0247   0.0267  0.059    16    61    90    43    60    16.2     7.0   14     0.0       3     0.0     595    408  --
   0.04  0.70   0.0247   0.0267  0.059    16    61    90    43    60    16.4     7.0   14     0.0       3     0.0     595    408  --
   0.04  0.60   0.0247   0.0267  0.056    15    62    90    43    60    16.5     7.0   14     0.0       3     0.0     595    408  --
   0.04  0.50   0.0247   0.0267  0.048    13    63    90    43    61    16.6     7.0   14     0.0       7     0.0     595    408  --
   0.04  0.40   0.0247   0.0267  0.041    11    63    90    44    62    17.0     8.0   14     0.0       7     0.0     595    408  --
   0.04  0.30   0.0247   0.0267  0.041    11    63    90    44    62    17.2     8.0   14     0.0       7     0.0     595    408  --
   0.04  0.20   0.0247   0.0267  0.041    11    63    90    44    62    17.3     8.0   14     0.0       7     0.0     595    408  --
   0.04  0.10   0.0247   0.0267  0.041    11    63    90    44    62    17.7     8.5   14     0.0       7     0.0     595    408  --
   0.04  0.05   0.0247   0.0267  0.041    11    63    90    44    62    17.8     9.0   14     0.0       7     0.0     595    408  --
   0.06  1.00   0.0379   0.0347  0.104    28    58    88    38    58    14.7     7.0   14     0.0       0     0.0       0    384  --
   0.06  0.90   0.0379   0.0347  0.093    25    58    88    40    59    15.1     7.0   14     0.0       7     0.0     101    384  --
   0.06  0.80   0.0379   0.0347  0.081    22    58    89    42    59    15.7     7.0   14     0.0       7     0.0     162    384  --
   0.06  0.70   0.0379   0.0347  0.081    22    58    89    42    59    16.0     7.0   14     0.0      15     0.0     595    384  --
   0.06  0.60   0.0379   0.0347  0.081    22    58    89    42    59    16.4     7.0   14     0.0      15     0.0     595    384  --
   0.06  0.50   0.0379   0.0347  0.074    20    59    89    43    59    16.6     8.0   14     0.0      15     0.0     595    384  --
   0.06  0.40   0.0379   0.0347  0.070    19    60    89    43    59    17.1     8.0   14     0.0      15     0.0     595    384  --
   0.06  0.30   0.0379   0.0347  0.059    16    60    89    44    61    17.3     8.0   14     0.0      15     0.0     595    384  --
   0.06  0.20   0.0379   0.0347  0.059    16    60    89    44    61    17.6     8.0   14     0.0      15     0.0     595    384  --
   0.06  0.10   0.0379   0.0347  0.059    16    60    89    44    61    17.8     8.0   14     0.0      15     0.0     595    384  --
   0.06  0.05   0.0379   0.0347  0.059    16    60    89    44    61    18.1     9.0   14     0.0      15     0.0     595    384  --
   0.08  1.00   0.0508   0.0436  0.148    40    53    85    35    57    14.3     7.0   14     0.0       0     0.0       0    350  --
   0.08  0.90   0.0508   0.0436  0.133    36    54    85    37    58    14.8     7.0   14     0.0       7     0.0      98    350  --
   0.08  0.80   0.0508   0.0436  0.122    33    56    85    38    58    15.1     7.0   14     0.0      15     0.0      98    350  --
   0.08  0.70   0.0508   0.0436  0.100    27    57    86    41    59    15.7     7.0   14     0.0      15     0.0     165    350  --
   0.08  0.60   0.0508   0.0436  0.093    25    57    87    42    59    16.4     8.0   14     0.0      25     0.0     165    350  --
   0.08  0.50   0.0508   0.0436  0.093    25    57    87    42    59    16.8     8.0   14     0.0      25     0.0     602    350  --
   0.08  0.40   0.0508   0.0436  0.085    23    58    87    43    59    17.3     8.0   14     0.0      25     0.0     602    350  --
   0.08  0.30   0.0508   0.0436  0.081    22    59    87    43    59    17.7     8.0   14     0.0      25     0.0     602    350  --
   0.08  0.20   0.0508   0.0436  0.067    18    59    88    44    61    18.2     8.0   14     0.0      25     0.0     602    350  --
   0.08  0.10   0.0508   0.0436  0.067    18    59    88    44    61    18.4     9.0   14     0.0      25     0.0     602    350  --
   0.08  0.05   0.0508   0.0436  0.067    18    59    88    44    61    18.8    10.0   14     0.0      25     0.0     602    350  --
   0.10  1.00   0.0653   0.0537  0.196    53    48    81    34    54    14.0     7.0   14     0.0       0     0.0       0    326  A-
   0.10  0.90   0.0653   0.0537  0.189    51    48    82    34    55    14.3     7.0   14     0.0       7     0.0       7    326  A-
   0.10  0.80   0.0653   0.0537  0.178    48    48    84    34    56    14.7     7.0   14     0.0      14     0.0      30    326  A-
   0.10  0.70   0.0653   0.0537  0.163    44    49    85    35    57    15.4     8.0   14     0.0      14     0.0     101    326  A-
   0.10  0.60   0.0653   0.0537  0.141    38    52    86    37    57    15.9     8.0   14     0.0      22     0.0     101    326  --
   0.10  0.50   0.0653   0.0537  0.126    34    52    86    40    58    16.7     8.0   14     0.0      25     0.0     165    326  --
   0.10  0.40   0.0653   0.0537  0.122    33    52    87    40    58    17.2     8.0   14     0.0      25     0.0     608    326  --
   0.10  0.30   0.0653   0.0537  0.107    29    54    87    42    58    17.7     8.0   14     0.0      25     0.0     608    326  --
   0.10  0.20   0.0653   0.0537  0.093    25    55    87    43    60    18.3     8.0   14     0.0      25     0.0     608    326  --
   0.10  0.10   0.0653   0.0537  0.089    24    55    88    43    60    18.6     9.0   14     0.0      25     0.0     608    326  --
   0.10  0.05   0.0653   0.0537  0.089    24    55    88    43    60    19.0    10.0   14     0.0      25     0.0     608    326  --
   0.12  1.00   0.0816   0.0669  0.207    56    48    81    31    54    13.2     7.0   14     0.0       0     0.0       0    310  A-
   0.12  0.90   0.0816   0.0669  0.204    55    48    81    32    54    14.3     7.0   14     0.0       8     0.0      90    310  A-
   0.12  0.80   0.0816   0.0669  0.204    55    48    81    32    54    14.9     8.0   14     0.0       8     0.0      90    310  A-
   0.12  0.70   0.0816   0.0669  0.196    53    48    82    32    55    15.5     8.0   14     0.0       8     0.0      90    310  A-
   0.12  0.60   0.0816   0.0669  0.181    49    48    85    32    56    15.9     8.0   14     0.0      14     0.0     101    310  A-
   0.12  0.50   0.0816   0.0669  0.159    43    51    85    34    57    16.5     8.0   14     0.0      29     0.0     101    310  A-
   0.12  0.40   0.0816   0.0669  0.137    37    52    86    37    58    17.5     9.0   14     0.0      29     0.0     165    310  --
   0.12  0.30   0.0816   0.0669  0.133    36    52    87    37    58    18.1     9.0   14     0.0      29     0.0     588    310  --
   0.12  0.20   0.0816   0.0669  0.115    31    55    87    39    58    18.9    10.0   14     0.0      29     0.0     588    310  --
   0.12  0.10   0.0816   0.0669  0.100    27    55    88    40    60    19.4    10.0   14     0.0      29     0.0     588    310  --
   0.12  0.05   0.0816   0.0669  0.100    27    55    88    40    60    19.7    10.0   14     0.0      29     1.0     588    310  --
   0.14  1.00   0.0946   0.0772  0.252    68    47    75    29    51    13.1     7.0   14     0.0       0     0.0       0    294  --
   0.14  0.90   0.0946   0.0772  0.237    64    47    78    29    52    13.6     7.0   14     0.0       7     0.0     120    294  A-
   0.14  0.80   0.0946   0.0772  0.230    62    47    78    30    53    14.4     8.0   14     0.0      22     0.0     120    294  A-
   0.14  0.70   0.0946   0.0772  0.222    60    48    78    31    53    15.4     8.0   14     0.0      22     0.0     120    294  A-
   0.14  0.60   0.0946   0.0772  0.215    58    48    79    31    54    16.1     8.0   14     0.0      22     0.0     120    294  A-
   0.14  0.50   0.0946   0.0772  0.196    53    48    82    31    56    16.7     8.0   14     0.0      22     0.0     120    294  A-
   0.14  0.40   0.0946   0.0772  0.159    43    51    83    35    58    17.3     9.0   14     0.0      29     0.0     120    294  A-
   0.14  0.30   0.0946   0.0772  0.152    41    51    84    36    58    18.4    10.0   14     0.0      29     0.0     165    294  A-
   0.14  0.20   0.0946   0.0772  0.137    37    53    85    37    58    19.1    10.0   14     0.0      29     0.0     165    294  --
   0.14  0.10   0.0946   0.0772  0.119    32    53    86    39    60    19.9    10.0   14     0.0      29     1.0     175    294  --
   0.14  0.05   0.0946   0.0772  0.119    32    53    86    39    60    20.1    10.0   14     0.0      29     1.0     364    294  --
   0.16  1.00   0.1097   0.0846  0.285    77    45    73    26    49    12.4     7.0   14     0.0       0     0.0       0    278  --
   0.16  0.90   0.1097   0.0846  0.281    76    45    73    26    50    13.3     7.0   14     0.0       8     0.0      25    278  --
   0.16  0.80   0.1097   0.0846  0.274    74    45    74    26    51    13.9     7.0   14     0.0       8     0.0     120    278  --
   0.16  0.70   0.1097   0.0846  0.259    70    45    75    28    52    14.9     8.0   14     0.0      22     0.0     120    278  --
   0.16  0.60   0.1097   0.0846  0.248    67    46    76    28    53    15.9     8.0   14     0.0      22     0.0     120    278  A-
   0.16  0.50   0.1097   0.0846  0.233    63    46    79    28    54    16.7     8.5   14     0.0      22     0.0     120    278  A-
   0.16  0.40   0.1097   0.0846  0.204    55    48    80    30    57    17.4     9.0   14     0.0      29     0.0     120    278  A-
   0.16  0.30   0.1097   0.0846  0.181    49    49    81    33    58    18.5    10.0   14     0.0      29     0.0     165    278  A-
   0.16  0.20   0.1097   0.0846  0.170    46    50    83    33    58    19.4    10.0   14     0.0      29     1.0     165    278  A-
   0.16  0.10   0.1097   0.0846  0.141    38    51    84    37    60    20.4    10.0   14     0.0      29     1.0     175    278  --
   0.16  0.05   0.1097   0.0846  0.141    38    51    84    37    60    20.5    10.0   14     0.0      29     1.0     175    278  --
   0.18  1.00   0.1186   0.0901  0.333    90    42    67    25    46    11.8     7.0   14     0.0       0     0.0       0    272  --
   0.18  0.90   0.1186   0.0901  0.311    84    44    69    25    48    12.9     7.0   14     0.0      15     0.0      32    272  --
   0.18  0.80   0.1186   0.0901  0.304    82    44    69    25    50    13.9     7.5   14     0.0      15     0.0     120    272  --
   0.18  0.70   0.1186   0.0901  0.285    77    44    71    27    51    14.7     8.0   14     0.0      32     0.0     120    272  --
   0.18  0.60   0.1186   0.0901  0.274    74    45    72    27    52    15.9     8.0   14     0.0      32     0.0     120    272  --
   0.18  0.50   0.1186   0.0901  0.270    73    45    73    27    52    16.7     8.0   14     0.0      32     0.0     120    272  --
   0.18  0.40   0.1186   0.0901  0.248    67    46    76    27    54    17.5     9.0   14     0.0      32     0.0     120    272  A-
   0.18  0.30   0.1186   0.0901  0.215    58    47    78    31    56    18.5    10.0   14     0.0      32     1.0     165    272  A-
   0.18  0.20   0.1186   0.0901  0.204    55    47    80    32    56    19.4    10.0   14     0.0      32     1.0     175    272  A-
   0.18  0.10   0.1186   0.0901  0.170    46    49    81    36    58    20.5    10.0   14     0.0      32     1.0     175    272  A-
   0.18  0.05   0.1186   0.0901  0.170    46    49    81    36    58    20.8    10.0   14     0.0      32     2.0     175    272  A-
   0.20  1.00   0.1292   0.0974  0.359    97    41    65    23    44    11.6     7.0   14     0.0       0     0.0       0    260  --
   0.20  0.90   0.1292   0.0974  0.333    90    43    66    24    47    12.8     7.0   14     0.0       7     0.0     303    260  --
   0.20  0.80   0.1292   0.0974  0.326    88    43    68    24    47    13.6     8.0   14     0.0      14     0.0     303    260  --
   0.20  0.70   0.1292   0.0974  0.319    86    43    68    24    49    14.7     8.0   14     0.0      14     0.0     303    260  --
   0.20  0.60   0.1292   0.0974  0.296    80    43    70    26    51    15.9     8.0   14     0.0      32     0.0     303    260  --
   0.20  0.50   0.1292   0.0974  0.285    77    44    71    26    52    17.0     9.0   14     0.0      35     0.0     306    260  --
   0.20  0.40   0.1292   0.0974  0.270    73    44    74    26    53    17.9    10.0   14     0.0      35     0.0     404    260  --
   0.20  0.30   0.1292   0.0974  0.233    63    46    76    30    55    19.0    10.0   14     0.0      35     1.0     404    260  A-
   0.20  0.20   0.1292   0.0974  0.215    58    46    79    31    56    20.1    10.0   14     0.0      35     1.0     404    260  A-
   0.20  0.10   0.1292   0.0974  0.193    52    48    79    34    57    20.9    10.0   14     0.5      35     2.0     404    260  A-
   0.20  0.05   0.1292   0.0974  0.189    51    48    80    34    57    21.4    11.0   14     1.0      35     3.0     404    260  A-
   0.22  1.00   0.1398   0.1093  0.400   108    35    64    21    42    11.0     6.0   14     0.0       0     0.0       0    244  --
   0.22  0.90   0.1398   0.1093  0.374   101    40    64    23    42    12.2     7.0   14     0.0       7     0.0     326    244  --
   0.22  0.80   0.1398   0.1093  0.356    96    41    65    24    44    13.4     7.5   14     0.0       7     0.0     326    244  --
   0.22  0.70   0.1398   0.1093  0.341    92    41    67    24    46    14.5     8.0   14     0.0      26     0.0     326    244  --
   0.22  0.60   0.1398   0.1093  0.319    86    41    68    26    49    15.4     8.0   14     0.0      32     0.0     326    244  --
   0.22  0.50   0.1398   0.1093  0.304    82    42    70    26    50    17.0     9.0   14     0.0      35     0.0     326    244  --
   0.22  0.40   0.1398   0.1093  0.300    81    42    71    26    50    17.9    10.0   14     0.0      35     0.0     326    244  --
   0.22  0.30   0.1398   0.1093  0.259    70    44    74    29    53    18.8    10.0   14     0.0      40     1.0     404    244  --
   0.22  0.20   0.1398   0.1093  0.233    63    44    77    31    55    20.3    10.0   14     0.0      40     2.0     404    244  A-
   0.22  0.10   0.1398   0.1093  0.207    56    46    78    34    56    21.4    11.0   14     1.0      40     2.0     404    244  A-
   0.22  0.05   0.1398   0.1093  0.204    55    46    79    34    56    21.9    11.0   14     1.0      40     3.0     404    244  A-
   0.24  1.00   0.1505   0.1164  0.433   117    34    61    20    38    10.4     6.0   14     0.0       0     0.0       0    238  --
   0.24  0.90   0.1505   0.1164  0.404   109    37    63    20    41    11.7     7.0   14     0.0      14     0.0     326    238  --
   0.24  0.80   0.1505   0.1164  0.385   104    39    64    22    41    13.0     7.0   14     0.0      14     0.0     326    238  --
   0.24  0.70   0.1505   0.1164  0.367    99    40    66    22    43    14.1     8.0   14     0.0      14     0.0     326    238  --
   0.24  0.60   0.1505   0.1164  0.359    97    40    66    22    45    15.3     8.0   14     0.0      26     0.0     326    238  --
   0.24  0.50   0.1505   0.1164  0.333    90    40    68    25    47    16.9    10.0   14     0.0      34     0.0     326    238  --
   0.24  0.40   0.1505   0.1164  0.322    87    41    69    25    48    18.0    10.0   14     0.0      35     0.0     326    238  --
   0.24  0.30   0.1505   0.1164  0.296    80    42    72    26    50    19.0    10.0   14     0.0      40     1.0     376    238  --
   0.24  0.20   0.1505   0.1164  0.259    70    43    74    30    53    20.5    10.0   14     0.0      40     2.0     376    238  --
   0.24  0.10   0.1505   0.1164  0.233    63    45    76    33    53    21.9    11.0   14     1.0      40     3.0     376    238  A-
   0.24  0.05   0.1505   0.1164  0.226    61    45    77    33    54    22.4    11.0   14     1.0      40     3.0     376    238  A-
   0.26  1.00   0.1616   0.1260  0.467   126    32    59    18    35    10.1     6.0   14     0.0       0     0.0       0    224  --
   0.26  0.90   0.1616   0.1260  0.452   122    33    59    18    38    11.2     7.0   14     0.0       7     0.0      44    224  --
   0.26  0.80   0.1616   0.1260  0.415   112    37    62    19    40    12.9     8.0   14     0.0      27     0.0     326    224  --
   0.26  0.70   0.1616   0.1260  0.400   108    38    63    20    41    14.3     9.0   14     0.0      27     0.0     326    224  --
   0.26  0.60   0.1616   0.1260  0.385   104    38    65    20    43    15.5     9.0   14     0.0      27     0.0     326    224  --
   0.26  0.50   0.1616   0.1260  0.363    98    38    67    22    45    16.8     9.0   14     0.0      32     0.0     326    224  --
   0.26  0.40   0.1616   0.1260  0.344    93    40    68    23    46    18.2    10.0   14     0.0      35     1.0     326    224  --
   0.26  0.30   0.1616   0.1260  0.326    88    41    71    23    47    19.3    10.0   14     0.0      35     1.0     376    224  --
   0.26  0.20   0.1616   0.1260  0.285    77    43    72    27    51    20.7    11.0   14     1.0      35     2.0     376    224  --
   0.26  0.10   0.1616   0.1260  0.259    70    45    75    29    51    22.2    11.0   14     1.0      35     3.0     376    224  --
   0.26  0.05   0.1616   0.1260  0.252    68    45    76    29    52    22.7    11.0   14     1.0      35     3.0     376    224  --
   0.28  1.00   0.1731   0.1330  0.481   130    30    57    18    35     9.5     5.0   14     0.0       0     0.0       0    220  --
   0.28  0.90   0.1731   0.1330  0.470   127    32    58    18    35    10.8     7.0   14     0.0       8     0.0      63    220  --
   0.28  0.80   0.1731   0.1330  0.444   120    33    61    18    38    12.2     8.0   14     0.0      27     0.0      63    220  --
   0.28  0.70   0.1731   0.1330  0.422   114    36    62    19    39    13.8     9.0   14     0.0      27     0.0     330    220  --
   0.28  0.60   0.1731   0.1330  0.400   108    37    64    20    41    15.1    10.0   14     0.0      27     0.0     330    220  --
   0.28  0.50   0.1731   0.1330  0.385   104    37    64    22    43    16.4    10.0   14     0.0      32     0.0     330    220  --
   0.28  0.40   0.1731   0.1330  0.352    95    40    67    23    45    18.2    10.0   14     0.0      42     1.0     330    220  --
   0.28  0.30   0.1731   0.1330  0.341    92    40    70    23    45    19.2    10.0   14     0.0      42     1.0     376    220  --
   0.28  0.20   0.1731   0.1330  0.296    80    43    71    26    50    20.8    11.0   14     1.0      42     3.0     376    220  --
   0.28  0.10   0.1731   0.1330  0.267    72    45    74    29    50    22.5    12.0   14     1.0      42     3.0     376    220  --
   0.28  0.05   0.1731   0.1330  0.259    70    45    75    29    51    23.1    12.0   14     1.0      42     3.0     376    220  --
   0.30  1.00   0.1816   0.1430  0.504   136    30    55    17    32     9.2     5.0   14     0.0       0     0.0       0    212  --
   0.30  0.90   0.1816   0.1430  0.489   132    31    55    18    34    10.3     7.0   14     0.0       8     0.0     140    212  --
   0.30  0.80   0.1816   0.1430  0.474   128    32    56    18    36    11.6     7.0   14     0.0      13     0.0     156    212  --
   0.30  0.70   0.1816   0.1430  0.441   119    36    59    18    38    13.2     8.0   14     0.0      27     0.0     330    212  --
   0.30  0.60   0.1816   0.1430  0.411   111    37    63    19    40    14.7     9.0   14     0.0      27     0.0     330    212  --
   0.30  0.50   0.1816   0.1430  0.407   110    37    63    19    41    16.1    10.0   14     0.0      27     0.0     330    212  --
   0.30  0.40   0.1816   0.1430  0.367    99    39    66    22    44    18.0    10.0   14     0.0      42     1.0     330    212  --
   0.30  0.30   0.1816   0.1430  0.356    96    40    68    22    44    19.1    10.0   14     0.0      42     1.0     330    212  --
   0.30  0.20   0.1816   0.1430  0.307    83    43    70    25    49    20.9    11.0   14     1.0      42     3.0     378    212  --
   0.30  0.10   0.1816   0.1430  0.278    75    45    73    28    49    22.7    12.0   14     1.0      42     3.0     378    212  --
   0.30  0.05   0.1816   0.1430  0.270    73    45    74    28    50    23.4    12.0   14     1.0      42     3.0     378    212  --
   0.32  1.00   0.1927   0.1549  0.541   146    25    53    14    32     9.1     5.0   14     0.0       0     0.0       0    200  --
   0.32  0.90   0.1927   0.1549  0.526   142    27    54    15    32    10.2     6.0   14     0.0      15     0.0     140    200  --
   0.32  0.80   0.1927   0.1549  0.500   135    28    56    17    34    11.2     7.0   14     0.0      15     0.0     154    200  --
   0.32  0.70   0.1927   0.1549  0.467   126    31    59    17    37    13.0     8.0   14     0.0      27     0.0     163    200  --
   0.32  0.60   0.1927   0.1549  0.444   120    34    60    18    38    14.6    10.0   14     0.0      27     0.0     330    200  --
   0.32  0.50   0.1927   0.1549  0.437   118    34    61    18    39    15.9    10.0   14     0.0      27     1.0     330    200  --
   0.32  0.40   0.1927   0.1549  0.411   111    35    63    20    41    17.5    10.0   14     0.0      35     1.0     330    200  --
   0.32  0.30   0.1927   0.1549  0.393   106    37    64    21    42    19.0    11.0   14     1.0      42     2.0     330    200  --
   0.32  0.20   0.1927   0.1549  0.359    97    39    67    23    44    20.8    11.0   14     1.0      42     3.0     330    200  --
   0.32  0.10   0.1927   0.1549  0.311    84    42    71    25    48    23.2    12.0   14     1.0      42     3.5     330    200  --
   0.32  0.05   0.1927   0.1549  0.296    80    42    72    27    49    24.0    13.0   14     2.0      42     4.0     330    200  --
   0.34  1.00   0.2016   0.1707  0.559   151    22    53    14    30     9.2     5.0   14     0.0       0     0.0       0    184  --
   0.34  0.90   0.2016   0.1707  0.548   148    23    53    15    31    10.1     7.0   14     0.0       4     0.0      18    184  --
   0.34  0.80   0.2016   0.1707  0.526   142    24    55    16    33    11.3     7.0   14     0.0      28     0.0      55    184  --
   0.34  0.70   0.2016   0.1707  0.496   134    25    57    17    37    12.8     9.0   14     0.0      28     0.0      55    184  --
   0.34  0.60   0.2016   0.1707  0.470   127    29    60    17    37    14.3    10.0   14     0.0      28     0.0     330    184  --
   0.34  0.50   0.2016   0.1707  0.452   122    30    61    18    39    16.1    10.0   14     0.0      28     1.0     330    184  --
   0.34  0.40   0.2016   0.1707  0.433   117    31    63    18    41    17.6    10.0   14     0.5      28     1.0     330    184  --
   0.34  0.30   0.2016   0.1707  0.407   110    33    64    21    42    19.1    11.0   14     1.0      42     2.0     330    184  --
   0.34  0.20   0.2016   0.1707  0.374   101    35    67    23    44    21.1    12.0   14     1.0      57     3.0     330    184  --
   0.34  0.10   0.2016   0.1707  0.330    89    37    71    25    48    23.7    13.0   14     1.0      57     3.0     330    184  --
   0.34  0.05   0.2016   0.1707  0.311    84    38    72    27    49    24.7    13.0   14     2.0      57     4.0     330    184  --
   0.36  1.00   0.2115   0.1857  0.615   166    20    46    12    26     8.9     5.0   14     0.0       0     0.0       0    166  --
   0.36  0.90   0.2115   0.1857  0.581   157    22    50    12    29    10.1     7.0   14     0.0       7     0.0     108    166  --
   0.36  0.80   0.2115   0.1857  0.570   154    22    51    13    30    11.1     7.0   14     0.0      28     0.0     108    166  --
   0.36  0.70   0.2115   0.1857  0.537   145    24    53    15    33    12.5     8.5   14     0.0      28     0.0     108    166  --
   0.36  0.60   0.2115   0.1857  0.511   138    27    55    15    35    14.2    10.0   14     0.0      31     0.0     112    166  --
   0.36  0.50   0.2115   0.1857  0.481   130    30    58    16    36    16.1    10.0   14     0.0      31     1.0     438    166  --
   0.36  0.40   0.2115   0.1857  0.463   125    30    60    16    39    17.7    11.0   14     0.5      31     1.0     438    166  --
   0.36  0.30   0.2115   0.1857  0.430   116    33    62    19    40    19.6    11.0   14     1.0      42     2.0     438    166  --
   0.36  0.20   0.2115   0.1857  0.400   108    34    65    21    42    21.6    12.0   14     1.0      42     3.0     438    166  --
   0.36  0.10   0.2115   0.1857  0.359    97    37    68    22    46    24.7    13.0   14     2.0      57     4.0     438    166  --
   0.36  0.05   0.2115   0.1857  0.341    92    37    69    25    47    25.5    13.0   14     2.0      57     4.0     438    166  --
   0.38  1.00   0.2221   0.1976  0.644   174    19    43    11    23     9.0     6.0   12     0.0       0     0.0       0    152  --
   0.38  0.90   0.2221   0.1976  0.622   168    20    44    11    27    10.0     7.0   14     0.0       9     0.0     172    152  --
   0.38  0.80   0.2221   0.1976  0.600   162    21    47    12    28    11.2     8.0   14     0.0       9     0.0     172    152  --
   0.38  0.70   0.2221   0.1976  0.578   156    23    48    13    30    12.7     9.0   14     0.0       9     0.0     172    152  --
   0.38  0.60   0.2221   0.1976  0.541   146    26    50    14    34    14.4    10.0   14     0.0      32     0.0     172    152  --
   0.38  0.50   0.2221   0.1976  0.515   139    28    53    15    35    16.3    10.0   14     0.0      32     1.0     172    152  --
   0.38  0.40   0.2221   0.1976  0.493   133    28    57    15    37    18.0    11.5   14     1.0      32     1.5     172    152  --
   0.38  0.30   0.2221   0.1976  0.463   125    30    60    17    38    20.1    12.0   14     1.0      35     2.0     172    152  --
   0.38  0.20   0.2221   0.1976  0.433   117    32    63    17    41    22.2    13.0   14     1.0      35     3.0     175    152  --
   0.38  0.10   0.2221   0.1976  0.393   106    34    66    19    45    25.6    14.0   14     2.0      39     4.0     337    152  --
   0.38  0.05   0.2221   0.1976  0.370   100    35    67    22    46    26.2    14.0   14     2.0      39     4.0     337    152  --
   0.40  1.00   0.2308   0.2115  0.678   183    19    39    11    18     8.7     6.0   12     0.0       0     0.0       0    140  --
   0.40  0.90   0.2308   0.2115  0.641   173    19    43    11    24     9.8     7.0   14     0.0       7     0.0     172    140  --
   0.40  0.80   0.2308   0.2115  0.607   164    21    46    12    27    11.2     8.0   14     0.0       9     0.0     172    140  --
   0.40  0.70   0.2308   0.2115  0.589   159    23    46    13    29    12.5     9.0   14     0.0      14     0.0     172    140  --
   0.40  0.60   0.2308   0.2115  0.559   151    23    49    14    33    14.0    10.0   14     0.0      35     0.0     172    140  --
   0.40  0.50   0.2308   0.2115  0.526   142    27    52    15    34    16.2    10.0   14     0.0      35     1.0     172    140  --
   0.40  0.40   0.2308   0.2115  0.500   135    28    56    15    36    18.0    11.5   14     1.0      35     2.0     172    140  --
   0.40  0.30   0.2308   0.2115  0.467   126    30    60    17    37    20.3    12.0   14     1.0      35     3.0     172    140  --
   0.40  0.20   0.2308   0.2115  0.441   119    32    62    17    40    22.2    13.0   14     1.0      38     3.0     175    140  --
   0.40  0.10   0.2308   0.2115  0.396   107    34    66    19    44    25.7    14.0   14     2.0      39     4.0     337    140  --
   0.40  0.05   0.2308   0.2115  0.374   101    35    67    22    45    26.4    14.0   14     2.0      39     4.5     337    140  --
   0.42  1.00   0.2422   0.2259  0.689   186    18    37    11    18     8.4     5.0   12     0.0       0     0.0       0    132  --
   0.42  0.90   0.2422   0.2259  0.670   181    19    39    11    20     9.6     7.0   12     0.0      11     0.0      64    132  --
   0.42  0.80   0.2422   0.2259  0.637   172    20    41    11    26    11.1     8.0   14     0.0      19     0.0      77    132  --
   0.42  0.70   0.2422   0.2259  0.615   166    20    44    12    28    12.4    10.0   14     0.0      19     0.0      77    132  --
   0.42  0.60   0.2422   0.2259  0.589   159    21    46    13    31    13.7    10.0   14     0.0      19     0.0      77    132  --
   0.42  0.50   0.2422   0.2259  0.556   150    24    49    14    33    15.6    11.0   14     0.0      39     1.0      77    132  --
   0.42  0.40   0.2422   0.2259  0.530   143    25    52    15    35    17.7    11.5   14     1.0      39     2.0      77    132  --
   0.42  0.30   0.2422   0.2259  0.493   133    28    57    15    37    20.4    12.0   14     1.0      39     3.0      77    132  --
   0.42  0.20   0.2422   0.2259  0.470   127    30    57    17    39    22.0    13.0   14     2.0      39     3.0      77    132  --
   0.42  0.10   0.2422   0.2259  0.415   112    32    63    19    44    25.9    14.0   14     2.0      42     4.5     188    132  --
   0.42  0.05   0.2422   0.2259  0.396   107    33    63    22    45    26.4    14.0   14     2.0      42     5.0     188    132  --
   0.44  1.00   0.2524   0.2347  0.700   189    18    36    11    16     7.8     4.0   12     0.0       0     0.0       0    123  --
   0.44  0.90   0.2524   0.2347  0.689   186    18    37    11    18     9.5     7.0   12     0.0       5     0.0      64    123  --
   0.44  0.80   0.2524   0.2347  0.652   176    19    40    11    24    10.8     8.0   14     0.0      19     0.0      98    123  --
   0.44  0.70   0.2524   0.2347  0.626   169    20    43    12    26    12.2     9.0   14     0.0      19     0.0      98    123  --
   0.44  0.60   0.2524   0.2347  0.611   165    20    44    13    28    13.5    10.0   14     0.0      19     0.0      98    123  --
   0.44  0.50   0.2524   0.2347  0.574   155    24    46    14    31    15.3    10.0   14     0.0      39     1.0      98    123  --
   0.44  0.40   0.2524   0.2347  0.548   148    25    50    14    33    17.7    11.0   14     1.0      39     2.0      98    123  --
   0.44  0.30   0.2524   0.2347  0.522   141    27    53    14    35    20.0    12.0   14     1.0      39     3.0      98    123  --
   0.44  0.20   0.2524   0.2347  0.496   134    29    55    16    36    21.9    13.0   14     1.0      39     4.0      98    123  --
   0.44  0.10   0.2524   0.2347  0.441   119    31    60    18    42    26.6    14.0   14     2.0      42     5.0     188    123  --
   0.44  0.05   0.2524   0.2347  0.430   116    31    60    21    42    27.2    15.0   14     2.0      42     5.0     188    123  --
   0.46  1.00   0.2614   0.2475  0.711   192    17    34    11    16     7.4     4.0   12     0.0       0     0.0       0    119  --
   0.46  0.90   0.2614   0.2475  0.700   189    17    35    11    18     9.2     6.0   12     0.0      28     0.0      66    119  --
   0.46  0.80   0.2614   0.2475  0.674   182    17    38    11    22    10.5     8.0   12     0.0      28     0.0      85    119  --
   0.46  0.70   0.2614   0.2475  0.648   175    19    39    12    25    12.1     9.0   14     0.0      28     0.0     104    119  --
   0.46  0.60   0.2614   0.2475  0.626   169    19    42    13    27    13.4    10.0   14     0.0      28     1.0     104    119  --
   0.46  0.50   0.2614   0.2475  0.585   158    22    45    14    31    15.2    10.0   14     0.0      39     1.0     104    119  --
   0.46  0.40   0.2614   0.2475  0.559   151    24    48    14    33    17.2    11.0   14     1.0      60     2.0     104    119  --
   0.46  0.30   0.2614   0.2475  0.541   146    25    50    14    35    19.6    12.0   14     1.0      60     3.0     104    119  --
   0.46  0.20   0.2614   0.2475  0.507   137    27    55    16    35    21.5    13.0   14     1.0      60     4.0     104    119  --
   0.46  0.10   0.2614   0.2475  0.448   121    30    60    18    41    26.3    14.0   14     2.0      67     6.0     188    119  --
   0.46  0.05   0.2614   0.2475  0.437   118    30    60    21    41    27.3    15.0   14     2.0      67     6.0     188    119  --
   0.48  1.00   0.2720   0.2590  0.737   199    17    29     9    16     7.3     4.0   12     0.0       0     0.0       0    111  --
   0.48  0.90   0.2720   0.2590  0.726   196    17    31     9    17     8.9     6.0   12     0.0       7     0.0     126    111  --
   0.48  0.80   0.2720   0.2590  0.700   189    17    35     9    20    10.3     7.0   12     0.0      28     0.0     126    111  --
   0.48  0.70   0.2720   0.2590  0.674   182    19    35     9    25    12.0     9.0   14     0.0      28     0.0     126    111  --
   0.48  0.60   0.2720   0.2590  0.644   174    19    39    11    27    13.5    10.0   14     0.0      28     1.0     126    111  --
   0.48  0.50   0.2720   0.2590  0.600   162    22    43    12    31    15.2    11.0   14     0.0      28     1.0     133    111  --
   0.48  0.40   0.2720   0.2590  0.581   157    23    46    12    32    17.6    12.0   14     1.0      60     3.0     149    111  --
   0.48  0.30   0.2720   0.2590  0.563   152    23    49    12    34    19.6    13.0   14     1.0      60     3.0     149    111  --
   0.48  0.20   0.2720   0.2590  0.522   141    26    54    14    35    22.1    13.0   14     2.0      60     4.0     176    111  --
   0.48  0.10   0.2720   0.2590  0.470   127    29    58    16    40    26.8    15.0   14     3.0      67     6.0     188    111  --
   0.48  0.05   0.2720   0.2590  0.459   124    29    58    19    40    27.9    15.0   14     3.0      67     6.0     188    111  --
   0.50  1.00   0.2818   0.2716  0.756   204    17    27     9    13     7.0     4.0   12     0.0       0     0.0       0    103  --
   0.50  0.90   0.2818   0.2716  0.737   199    17    31     9    14     8.3     5.0   12     0.0      17     0.0      17    103  --
   0.50  0.80   0.2818   0.2716  0.715   193    17    33     9    18    10.1     7.0   12     0.0      21     0.0      85    103  --
   0.50  0.70   0.2818   0.2716  0.685   185    18    35     9    23    11.7     9.0   12     0.0      21     0.0      85    103  --
   0.50  0.60   0.2818   0.2716  0.667   180    18    38    10    24    13.3    10.0   14     0.0      21     1.0      85    103  --
   0.50  0.50   0.2818   0.2716  0.626   169    19    43    11    28    15.1    11.0   14     0.0      21     1.0      88    103  --
   0.50  0.40   0.2818   0.2716  0.604   163    21    45    12    29    17.3    12.0   14     1.0      39     3.0      88    103  --
   0.50  0.30   0.2818   0.2716  0.581   157    21    48    12    32    19.6    13.0   14     1.0      39     3.0      88    103  --
   0.50  0.20   0.2818   0.2716  0.541   146    24    53    14    33    22.9    14.0   14     2.0      50     4.0      88    103  --
   0.50  0.10   0.2818   0.2716  0.489   132    27    57    16    38    27.5    15.0   14     3.0      50     6.0     188    103  --
   0.50  0.05   0.2818   0.2716  0.478   129    27    57    19    38    28.4    15.0   14     3.0      50     6.0     188    103  --
   0.52  1.00   0.2895   0.2856  0.778   210    15    26     8    11     6.7     4.0   12     0.0       0     0.0       0     99  --
   0.52  0.90   0.2895   0.2856  0.752   203    16    29     8    14     8.1     5.0   12     0.0      17     0.0     119     99  --
   0.52  0.80   0.2895   0.2856  0.733   198    16    31     8    17     9.9     7.0   12     0.0      21     0.0     119     99  --
   0.52  0.70   0.2895   0.2856  0.707   191    17    33     9    20    11.4     9.0   12     0.0      21     0.0     119     99  --
   0.52  0.60   0.2895   0.2856  0.685   185    17    35    10    23    13.2    10.0   12     0.0      21     1.0     119     99  --
   0.52  0.50   0.2895   0.2856  0.652   176    18    38    11    27    14.9    11.0   14     0.0      21     2.0     119     99  --
   0.52  0.40   0.2895   0.2856  0.622   168    21    40    12    29    17.5    12.0   14     1.0      39     3.0     119     99  --
   0.52  0.30   0.2895   0.2856  0.596   161    21    44    12    32    19.9    13.0   14     1.0      39     4.0     119     99  --
   0.52  0.20   0.2895   0.2856  0.559   151    23    49    14    33    23.0    14.0   14     2.0      50     5.0     151     99  --
   0.52  0.10   0.2895   0.2856  0.500   135    27    54    16    38    27.4    15.0   14     3.0      80     6.0     188     99  --
   0.52  0.05   0.2895   0.2856  0.493   133    27    54    18    38    28.5    16.0   14     3.0     111     6.0     188     99  --
   0.54  1.00   0.2999   0.3021  0.804   217    14    22     7    10     6.5     4.0   12     0.0       0     0.0       0     95  --
   0.54  0.90   0.2999   0.3021  0.770   208    15    27     8    12     8.2     5.0   12     0.0       7     0.0     141     95  --
   0.54  0.80   0.2999   0.3021  0.759   205    15    29     8    13     9.3     6.0   12     0.0      25     0.0     141     95  --
   0.54  0.70   0.2999   0.3021  0.752   203    15    30     8    14    10.6     7.0   12     0.0      25     0.0     141     95  --
   0.54  0.60   0.2999   0.3021  0.726   196    17    30     9    18    12.3     9.0   12     0.0      25     1.0     141     95  --
   0.54  0.50   0.2999   0.3021  0.696   188    17    33    10    22    14.3    10.0   12     0.0      25     2.0     141     95  --
   0.54  0.40   0.2999   0.3021  0.656   177    20    37    11    25    16.7    12.0   14     1.0      39     3.0     141     95  --
   0.54  0.30   0.2999   0.3021  0.633   171    20    41    11    27    19.7    13.0   14     1.0      39     4.0     141     95  --
   0.54  0.20   0.2999   0.3021  0.589   159    22    47    13    29    23.5    14.0   14     2.0      50     4.0     173     95  --
   0.54  0.10   0.2999   0.3021  0.541   146    24    50    15    35    27.4    15.0   14     3.0      50     6.0     188     95  --
   0.54  0.05   0.2999   0.3021  0.522   141    26    51    17    35    29.3    17.0   14     3.0     111     6.0     188     95  --
   0.56  1.00   0.3086   0.3112  0.815   220    14    21     7     8     6.2     4.0   11     0.0       0     0.0       0     92  --
   0.56  0.90   0.3086   0.3112  0.778   210    15    26     8    11     8.2     6.0   12     0.0       4     0.0     141     92  --
   0.56  0.80   0.3086   0.3112  0.763   206    15    29     8    12     9.5     7.0   12     0.0      21     0.0     141     92  --
   0.56  0.70   0.3086   0.3112  0.756   204    15    30     8    13    10.9     7.0   12     0.0      25     0.0     141     92  --
   0.56  0.60   0.3086   0.3112  0.733   198    17    30     8    17    12.3    10.0   12     0.0      25     1.0     141     92  --
   0.56  0.50   0.3086   0.3112  0.711   192    17    33     8    20    14.1    10.0   12     0.0      25     3.0     141     92  --
   0.56  0.40   0.3086   0.3112  0.667   180    20    37     9    24    16.4    12.0   14     1.0      39     3.0     141     92  --
   0.56  0.30   0.3086   0.3112  0.644   174    20    41     9    26    19.6    13.0   14     1.0      39     4.0     141     92  --
   0.56  0.20   0.3086   0.3112  0.596   161    22    47    12    28    23.6    14.5   14     2.0      39     4.0     173     92  --
   0.56  0.10   0.3086   0.3112  0.563   152    24    50    14    30    27.0    15.0   14     3.0      49     6.0     173     92  --
   0.56  0.05   0.3086   0.3112  0.530   143    26    51    16    34    29.8    17.0   14     3.0     111     6.0     188     92  --
   0.58  1.00   0.3171   0.3208  0.837   226    14    20     2     8     6.2     4.0    8     0.0       0     0.0       0     86  --
   0.58  0.90   0.3171   0.3208  0.804   217    15    24     5     9     7.7     5.0   12     0.0      50     0.0      56     86  --
   0.58  0.80   0.3171   0.3208  0.785   212    15    26     6    11     9.1     6.0   12     0.0      50     0.0     141     86  --
   0.58  0.70   0.3171   0.3208  0.767   207    15    28     7    13    10.7     7.0   12     0.0      54     0.0     141     86  --
   0.58  0.60   0.3171   0.3208  0.741   200    17    29     7    17    12.0     9.0   12     0.0      54     1.0     141     86  --
   0.58  0.50   0.3171   0.3208  0.719   194    17    32     7    20    13.9    10.0   12     0.0      54     2.5     141     86  --
   0.58  0.40   0.3171   0.3208  0.674   182    20    36     8    24    16.1    11.0   14     1.0      54     3.0     141     86  --
   0.58  0.30   0.3171   0.3208  0.656   177    20    39     8    26    19.3    13.0   14     1.0      61     3.5     141     86  --
   0.58  0.20   0.3171   0.3208  0.604   163    22    46    11    28    23.9    14.5   14     2.0      82     4.0     173     86  --
   0.58  0.10   0.3171   0.3208  0.570   154    24    49    13    30    27.3    15.0   14     3.0      82     5.5     173     86  --
   0.58  0.05   0.3171   0.3208  0.537   145    26    50    15    34    30.7    17.0   14     3.0     111     5.5     188     86  -B
   0.60  1.00   0.3264   0.3398  0.863   233    13    17     2     5     6.0     4.0    7     0.0       0     0.0       0     78  --
   0.60  0.90   0.3264   0.3398  0.826   223    14    21     4     8     7.5     5.0   11     0.0      20     0.0      56     78  --
   0.60  0.80   0.3264   0.3398  0.793   214    15    25     6    10     9.0     6.0   12     0.0      50     0.0     141     78  --
   0.60  0.70   0.3264   0.3398  0.781   211    15    27     6    11    10.3     7.0   12     0.0      54     0.0     141     78  --
   0.60  0.60   0.3264   0.3398  0.759   205    17    27     6    15    11.7     9.0   12     0.0      54     1.0     141     78  --
   0.60  0.50   0.3264   0.3398  0.726   196    17    32     6    19    13.7    10.0   12     0.0      54     3.0     141     78  --
   0.60  0.40   0.3264   0.3398  0.693   187    20    36     6    21    16.0    11.0   12     1.0      54     3.0     141     78  --
   0.60  0.30   0.3264   0.3398  0.667   180    20    39     7    24    18.9    13.0   14     1.0      54     3.5     141     78  --
   0.60  0.20   0.3264   0.3398  0.626   169    22    46     7    26    23.1    14.0   14     2.0      61     4.5     141     78  --
   0.60  0.10   0.3264   0.3398  0.589   159    24    48    11    28    26.5    14.0   14     3.0      82     6.0     173     78  --
   0.60  0.05   0.3264   0.3398  0.552   149    26    50    13    32    30.1    16.5   14     3.0     111     6.0     173     78  -B
   0.62  1.00   0.3375   0.3547  0.889   240    11    12     2     5     5.8     3.0    5     0.0       0     0.0       0     70  --
   0.62  0.90   0.3375   0.3547  0.859   232    13    16     3     6     6.9     4.0    7     0.0      19     0.0      27     70  --
   0.62  0.80   0.3375   0.3547  0.819   221    14    20     6     9     8.5     6.0   11     0.0      23     0.0     141     70  --
   0.62  0.70   0.3375   0.3547  0.804   217    14    24     6     9     9.6     7.0   11     0.0      54     1.0     141     70  --
   0.62  0.60   0.3375   0.3547  0.781   211    16    25     6    12    11.0     8.0   12     0.0      54     1.0     141     70  --
   0.62  0.50   0.3375   0.3547  0.756   204    16    27     6    17    12.7     9.5   12     1.0      54     3.0     141     70  --
   0.62  0.40   0.3375   0.3547  0.707   191    19    34     6    20    15.6    11.0   12     1.0      54     3.0     141     70  --
   0.62  0.30   0.3375   0.3547  0.693   187    19    36     7    21    17.8    11.0   12     1.0      54     3.5     141     70  --
   0.62  0.20   0.3375   0.3547  0.648   175    21    43     7    24    22.7    13.0   14     1.5      61     6.0     141     70  --
   0.62  0.10   0.3375   0.3547  0.615   166    22    46    10    26    25.9    14.0   14     3.0      61     6.5     173     70  --
   0.62  0.05   0.3375   0.3547  0.570   154    25    48    13    30    29.8    16.0   14     3.0     111     6.5     173     70  --
   0.64  1.00   0.3458   0.3716  0.896   242    11    11     2     4     5.4     3.0    5     0.0       0     0.0       0     66  --
   0.64  0.90   0.3458   0.3716  0.874   236    13    13     3     5     6.7     4.0    5     0.0      20     0.0      20     66  --
   0.64  0.80   0.3458   0.3716  0.830   224    14    18     5     9     8.6     6.0    8     0.0      26     0.0      56     66  --
   0.64  0.70   0.3458   0.3716  0.819   221    14    20     6     9     9.5     7.0   11     0.0      26     0.5     141     66  --
   0.64  0.60   0.3458   0.3716  0.807   218    14    21     6    11    10.6     7.0   12     0.5      26     1.0     141     66  --
   0.64  0.50   0.3458   0.3716  0.774   209    16    24     6    15    12.1     9.0   12     1.0      26     3.0     141     66  --
   0.64  0.40   0.3458   0.3716  0.752   203    16    28     6    17    14.1    10.0   12     1.0      32     4.0     141     66  --
   0.64  0.30   0.3458   0.3716  0.733   198    18    30     7    17    16.6    11.0   12     1.0      87     4.5     141     66  --
   0.64  0.20   0.3458   0.3716  0.678   183    20    38     7    22    22.0    12.5   12     2.0      89     6.0     141     66  --
   0.64  0.10   0.3458   0.3716  0.644   174    21    41    10    24    24.7    13.0   14     3.0      90     6.5     173     66  --
   0.64  0.05   0.3458   0.3716  0.604   163    24    42    13    28    28.4    15.0   14     3.0     111     6.5     173     66  --
   0.66  1.00   0.3548   0.3909  0.915   247     9     9     1     4     5.4     3.0    3     0.0       0     0.0       0     66  --
   0.66  0.90   0.3548   0.3909  0.896   242    12    10     1     5     6.6     4.0    5     0.0      20     0.0      39     66  --
   0.66  0.80   0.3548   0.3909  0.867   234    12    15     2     7     8.4     5.0    7     0.0      20     0.0      42     66  --
   0.66  0.70   0.3548   0.3909  0.841   227    12    17     5     9     9.4     7.0    8     0.0      26     1.0     141     66  --
   0.66  0.60   0.3548   0.3909  0.826   223    12    19     5    11    10.5     7.0   11     1.0      26     1.0     141     66  --
   0.66  0.50   0.3548   0.3909  0.804   217    14    20     5    14    11.9     9.0   12     1.0      26     3.0     141     66  --
   0.66  0.40   0.3548   0.3909  0.778   210    14    24     5    17    13.8     9.0   12     1.0      32     4.0     141     66  --
   0.66  0.30   0.3548   0.3909  0.759   205    16    25     7    17    16.4    10.0   12     1.5      87     5.5     141     66  --
   0.66  0.20   0.3548   0.3909  0.707   191    17    34     7    21    21.2    11.5   12     2.0      89     6.5     351     66  --
   0.66  0.10   0.3548   0.3909  0.670   181    18    37    10    24    23.8    11.0   14     3.0      90     7.0     351     66  --
   0.66  0.05   0.3548   0.3909  0.630   170    21    38    13    28    27.5    15.0   14     3.5     112     7.5     357     66  --
   0.68  1.00   0.3657   0.4031  0.919   248     9     8     1     4     5.5     3.0    3     0.0       0     0.0       0     62  --
   0.68  0.90   0.3657   0.4031  0.911   246     9     9     1     5     6.7     4.0    5     0.0      19     0.0      37     62  --
   0.68  0.80   0.3657   0.4031  0.878   237    12    12     2     7     8.4     5.5    5     0.0      20     0.0      49     62  --
   0.68  0.70   0.3657   0.4031  0.848   229    12    16     5     8     9.4     7.0    8     0.0      26     1.0     141     62  --
   0.68  0.60   0.3657   0.4031  0.837   226    12    18     5     9    10.4     7.0    8     1.0      26     2.5     141     62  --
   0.68  0.50   0.3657   0.4031  0.815   220    14    19     5    12    11.6     8.0   12     1.0      26     3.0     141     62  --
   0.68  0.40   0.3657   0.4031  0.796   215    14    21     5    15    13.7     9.0   12     1.0      42     4.5     141     62  --
   0.68  0.30   0.3657   0.4031  0.767   207    16    24     7    16    16.3    10.5   12     2.0      87     5.5     141     62  --
   0.68  0.20   0.3657   0.4031  0.719   194    17    32     7    20    21.1    12.0   12     2.5      89     7.0     141     62  --
   0.68  0.10   0.3657   0.4031  0.678   183    18    36    10    23    24.2    12.5   12     3.0      90     7.5     173     62  --
   0.68  0.05   0.3657   0.4031  0.637   172    21    37    13    27    28.0    15.0   14     3.5     119     9.0     173     62  --
   0.70  1.00   0.3776   0.4202  0.937   253     7     6     1     3     5.8     3.0    3     0.0       0     0.0       0     54  --
   0.70  0.90   0.3776   0.4202  0.933   252     7     7     1     3     6.7     4.0    3     0.0      21     0.0      37     54  --
   0.70  0.80   0.3776   0.4202  0.907   245    10     8     2     5     8.2     6.0    5     0.5      21     1.0      49     54  --
   0.70  0.70   0.3776   0.4202  0.878   237    10    12     4     7     9.8     7.0    5     1.0      26     2.0      56     54  --
   0.70  0.60   0.3776   0.4202  0.856   231    10    15     5     9    10.5     7.0    8     1.0      26     3.0     148     54  --
   0.70  0.50   0.3776   0.4202  0.830   224    12    17     5    12    11.8     9.0    9     1.0      26     3.0     148     54  --
   0.70  0.40   0.3776   0.4202  0.811   219    12    19     5    15    14.1    10.0   12     1.5      50     5.0     148     54  --
   0.70  0.30   0.3776   0.4202  0.781   211    14    22     7    16    16.7    12.0   12     1.5      87     6.5     148     54  --
   0.70  0.20   0.3776   0.4202  0.744   201    15    28     7    19    20.0    14.0   12     2.5      89     8.5     148     54  --
   0.70  0.10   0.3776   0.4202  0.685   185    17    35    10    23    24.1    13.5   12     3.5      90    11.0     180     54  --
   0.70  0.05   0.3776   0.4202  0.648   175    20    37    11    27    28.1    15.0   14     4.0      90    11.0     180     54  --
   0.72  1.00   0.3878   0.4343  0.944   255     6     5     1     3     5.6     3.0    3     0.0       0     0.0       0     54  --
   0.72  0.90   0.3878   0.4343  0.941   254     6     6     1     3     6.5     4.0    3     0.0      24     0.0      37     54  --
   0.72  0.80   0.3878   0.4343  0.919   248     9     7     2     4     7.9     5.0    3     0.0      24     1.0      37     54  --
   0.72  0.70   0.3878   0.4343  0.893   241     9    10     3     7    10.1     7.0    5     1.0      24     2.0      63     54  --
   0.72  0.60   0.3878   0.4343  0.881   238     9    12     4     7    10.8     7.0    5     1.0      26     3.0     148     54  --
   0.72  0.50   0.3878   0.4343  0.848   229    11    15     4    11    11.8     9.0    8     1.0      26     3.0     148     54  --
   0.72  0.40   0.3878   0.4343  0.833   225    11    16     4    14    13.8    10.0    9     1.5      52     5.5     148     54  --
   0.72  0.30   0.3878   0.4343  0.796   215    13    20     6    16    17.0    12.0   12     1.5      87     7.0     148     54  --
   0.72  0.20   0.3878   0.4343  0.759   205    14    26     6    19    20.3    14.0   12     2.5      89     8.5     148     54  --
   0.72  0.10   0.3878   0.4343  0.700   189    16    33     9    23    24.4    14.0   12     3.0      90    10.5     180     54  --
   0.72  0.05   0.3878   0.4343  0.663   179    19    35    10    27    28.2    15.5   14     4.0      90    11.0     180     54  --
   0.74  1.00   0.4002   0.4491  0.959   259     5     4     1     1     5.8     3.5    3     0.0       0     0.0       0     50  --
   0.74  0.90   0.4002   0.4491  0.956   258     5     5     1     1     6.7     4.0    3     0.0      15     0.0      39     50  --
   0.74  0.80   0.4002   0.4491  0.937   253     7     7     1     2     7.8     5.0    3     0.0      24     1.0      39     50  --
   0.74  0.70   0.4002   0.4491  0.915   247     8    10     1     4     9.7     7.0    3     1.0      24     3.0      59     50  --
   0.74  0.60   0.4002   0.4491  0.900   243     8    12     3     4    10.6     7.0    5     1.0      26     4.5     148     50  --
   0.74  0.50   0.4002   0.4491  0.863   233    11    15     3     8    11.9     9.0    7     2.0      31     5.5     148     50  --
   0.74  0.40   0.4002   0.4491  0.844   228    11    16     3    12    13.9    10.0    8     2.5      52     7.0     148     50  --
   0.74  0.30   0.4002   0.4491  0.819   221    13    18     3    15    16.8    12.0    9     3.0      87     7.0     148     50  --
   0.74  0.20   0.4002   0.4491  0.774   209    14    25     5    17    20.7    15.0   12     3.5      89    11.0     148     50  --
   0.74  0.10   0.4002   0.4491  0.719   194    16    30     8    22    24.9    15.0   12     5.0      90    13.0     180     50  --
   0.74  0.05   0.4002   0.4491  0.678   183    19    33     9    26    28.7    16.5   14     5.0      90    13.0     180     50  --
   0.76  1.00   0.4124   0.4613  0.963   260     5     4     1     0     5.5     3.0    3     0.0       0     0.0       0     48  --
   0.76  0.90   0.4124   0.4613  0.956   258     5     5     1     1     6.8     5.0    3     0.0      28     0.0      28     48  --
   0.76  0.80   0.4124   0.4613  0.952   257     5     6     1     1     7.8     6.0    3     0.0      28     1.0      37     48  --
   0.76  0.70   0.4124   0.4613  0.926   250     8     8     1     3     9.3     7.0    3     1.0      28     4.0      49     48  --
   0.76  0.60   0.4124   0.4613  0.911   246     8     9     3     4    10.6     7.0    5     2.0      28     5.0     148     48  --
   0.76  0.50   0.4124   0.4613  0.881   238     9    12     3     8    11.6     8.0    5     2.0      45     7.0     148     48  --
   0.76  0.40   0.4124   0.4613  0.852   230    11    14     3    12    13.5     9.0    8     3.0      49     7.0     148     48  --
   0.76  0.30   0.4124   0.4613  0.830   224    13    16     3    14    15.8    11.0    9     3.5      87     7.0     148     48  --
   0.76  0.20   0.4124   0.4613  0.781   211    13    24     5    17    19.9    13.0   12     4.5      89    10.0     148     48  --
   0.76  0.10   0.4124   0.4613  0.722   195    16    29     8    22    25.4    15.0   12     5.0      90    12.0     180     48  --
   0.76  0.05   0.4124   0.4613  0.681   184    19    32     9    26    29.4    17.0   14     5.0      90    12.0     180     48  --
   0.78  1.00   0.4265   0.4824  0.963   260     5     4     1     0     5.6     3.0    3     0.0       0     0.0       0     40  --
   0.78  0.90   0.4265   0.4824  0.963   260     5     4     1     0     6.7     4.0    3     0.0      21     0.0      43     40  --
   0.78  0.80   0.4265   0.4824  0.956   258     5     6     1     0     7.6     5.0    3     0.0      28     1.0      43     40  --
   0.78  0.70   0.4265   0.4824  0.941   254     8     6     1     1     9.1     7.0    3     1.0      28     3.5      63     40  --
   0.78  0.60   0.4265   0.4824  0.919   248     8     9     2     3    10.7     7.0    3     1.0      28     5.0      77     40  --
   0.78  0.50   0.4265   0.4824  0.889   240     9    12     3     6    11.9     9.0    5     2.0      45     7.0     148     40  --
   0.78  0.40   0.4265   0.4824  0.867   234    10    13     3    10    13.2    10.0    7     2.5      49     7.0     148     40  --
   0.78  0.30   0.4265   0.4824  0.837   226    12    16     3    13    16.2    11.5    9     3.0      53     7.0     148     40  --
   0.78  0.20   0.4265   0.4824  0.800   216    12    23     4    15    19.6    13.0   12     4.0      89    11.0     148     40  --
   0.78  0.10   0.4265   0.4824  0.741   200    16    27     7    20    25.5    15.0   12     5.0      90    11.0     180     40  --
   0.78  0.05   0.4265   0.4824  0.700   189    19    30     8    24    29.6    17.0   14     5.0      90    11.0     180     40  --
   0.80  1.00   0.4440   0.5052  0.967   261     4     4     1     0     5.7     3.5    3     0.0       0     0.0       0     34  --
   0.80  0.90   0.4440   0.5052  0.967   261     4     4     1     0     6.8     4.0    3     0.0      14     0.0      43     34  --
   0.80  0.80   0.4440   0.5052  0.959   259     4     6     1     0     7.5     5.5    3     0.0      14     0.0      45     34  --
   0.80  0.70   0.4440   0.5052  0.948   256     6     6     1     1     8.6     7.0    3     0.0      24     2.5      45     34  --
   0.80  0.60   0.4440   0.5052  0.930   251     7     7     2     3    10.9     8.0    3     1.0      24     4.0      77     34  --
   0.80  0.50   0.4440   0.5052  0.911   246     8     9     3     4    12.0     9.0    5     1.5      24     6.5      98     34  --
   0.80  0.40   0.4440   0.5052  0.885   239     9    11     3     8    13.1    10.0    5     2.0      24     6.5      98     34  --
   0.80  0.30   0.4440   0.5052  0.856   231    11    13     3    12    16.3    12.0    8     3.0      53     7.0      98     34  --
   0.80  0.20   0.4440   0.5052  0.826   223    11    19     4    13    19.9    13.0    9     3.0      80    10.0      98     34  --
   0.80  0.10   0.4440   0.5052  0.778   210    15    23     5    17    25.9    15.0   12     4.0      80    11.0      98     34  --
   0.80  0.05   0.4440   0.5052  0.733   198    18    26     7    21    31.2    17.0   12     5.0      88    11.0     112     34  -B
   0.82  1.00   0.4605   0.5311  0.970   262     3     4     1     0     5.5     3.0    3     0.0       0     0.0       0     32  --
   0.82  0.90   0.4605   0.5311  0.970   262     3     4     1     0     6.5     4.0    3     0.0       8     0.0      42     32  --
   0.82  0.80   0.4605   0.5311  0.963   260     4     5     1     0     8.0     7.0    3     0.0       8     0.5      63     32  --
   0.82  0.70   0.4605   0.5311  0.952   257     6     6     1     0     8.7     7.0    3     0.0      24     1.5      63     32  --
   0.82  0.60   0.4605   0.5311  0.933   252     7     7     1     3    11.1     7.0    3     1.0      28     2.5      70     32  --
   0.82  0.50   0.4605   0.5311  0.919   248     7     9     3     3    12.2     9.5    3     1.5      28     3.0     119     32  --
   0.82  0.40   0.4605   0.5311  0.893   241     9    10     3     7    13.2     9.0    5     2.0      28     3.0     119     32  --
   0.82  0.30   0.4605   0.5311  0.870   235     9    11     3    12    16.4    11.0    8     3.0      67     3.0     126     32  --
   0.82  0.20   0.4605   0.5311  0.833   225    11    17     4    13    20.9    15.0    9     3.0      80     3.5     126     32  --
   0.82  0.10   0.4605   0.5311  0.789   213    14    21     5    17    26.7    15.5   12     4.0      98     7.0     126     32  --
   0.82  0.05   0.4605   0.5311  0.752   203    15    24     7    21    31.4    17.0   12     4.5      98     9.5     126     32  -B
   0.84  1.00   0.4780   0.5395  0.974   263     2     4     1     0     5.5     3.0    3     0.0       0     0.0       0     28  --
   0.84  0.90   0.4780   0.5395  0.974   263     2     4     1     0     7.2     5.0    3     0.0       7     0.0      49     28  --
   0.84  0.80   0.4780   0.5395  0.970   262     3     4     1     0     8.5     7.0    3     0.0       8     1.0      63     28  --
   0.84  0.70   0.4780   0.5395  0.967   261     3     5     1     0     9.5     7.0    3     0.0      28     3.0      70     28  --
   0.84  0.60   0.4780   0.5395  0.944   255     6     6     1     2    11.3     7.0    3     2.5      28     3.0      70     28  --
   0.84  0.50   0.4780   0.5395  0.930   251     6     7     3     3    12.9    10.0    3     3.0      28     3.0     126     28  --
   0.84  0.40   0.4780   0.5395  0.904   244     8     8     3     7    13.7    10.0    5     3.0      28     3.5     126     28  --
   0.84  0.30   0.4780   0.5395  0.893   241     8     9     3     9    16.9    13.0    5     4.0      57     5.5     133     28  --
   0.84  0.20   0.4780   0.5395  0.867   234    10    12     4    10    19.7    14.0    8     4.0      84     8.5     133     28  --
   0.84  0.10   0.4780   0.5395  0.819   221    13    20     5    11    25.8    17.5   12     5.0      84    12.0     133     28  --
   0.84  0.05   0.4780   0.5395  0.774   209    14    23     7    17    31.8    20.0   12     5.5      84    12.0     133     28  -B
   0.86  1.00   0.5017   0.5595  0.981   265     2     2     1     0     5.8     3.0    3     0.0       0     0.0       0     24  --
   0.86  0.90   0.5017   0.5595  0.981   265     2     2     1     0     7.3     5.5    3     0.0       3     0.0      49     24  --
   0.86  0.80   0.5017   0.5595  0.978   264     3     2     1     0     9.1     7.0    3     0.0      50     1.0      56     24  --
   0.86  0.70   0.5017   0.5595  0.974   263     3     3     1     0     9.7     7.0    3     0.0      64     3.0      70     24  --
   0.86  0.60   0.5017   0.5595  0.963   260     5     3     1     1    11.4     9.0    3     2.0      70     3.5      70     24  --
   0.86  0.50   0.5017   0.5595  0.941   254     5     5     3     3    13.2    11.0    3     3.0      70     4.0     126     24  --
   0.86  0.40   0.5017   0.5595  0.919   248     7     6     3     6    13.8    11.0    3     3.0      70     5.0     126     24  --
   0.86  0.30   0.5017   0.5595  0.904   244     7     7     3     9    17.4    13.0    5     3.0      72     6.5     133     24  --
   0.86  0.20   0.5017   0.5595  0.889   240     8     9     4     9    20.2    13.0    5     3.5      72     7.5     133     24  --
   0.86  0.10   0.5017   0.5595  0.856   231    11    13     5    10    24.1    17.5    8     4.5      77    12.0     133     24  --
   0.86  0.05   0.5017   0.5595  0.807   218    12    17     7    16    30.7    19.0   12     5.5      77    12.0     133     24  -B
   0.88  1.00   0.5221   0.5776  0.985   266     1     2     1     0     7.0     4.0    3     0.0       0     0.0       0     20  --
   0.88  0.90   0.5221   0.5776  0.985   266     1     2     1     0     7.3     4.5    3     0.0      13     0.0      14     20  --
   0.88  0.80   0.5221   0.5776  0.981   265     2     2     1     0     8.8     7.5    3     0.0      35     2.5      63     20  --
   0.88  0.70   0.5221   0.5776  0.974   263     3     3     1     0     9.6     7.0    3     0.0      64     3.5      77     20  --
   0.88  0.60   0.5221   0.5776  0.963   260     5     3     1     1    11.0    10.0    3     2.0      69     4.0      77     20  --
   0.88  0.50   0.5221   0.5776  0.952   257     5     4     1     3    13.8    12.0    3     3.5      70     6.5     133     20  --
   0.88  0.40   0.5221   0.5776  0.926   250     6     6     3     5    14.2    11.0    3     4.0      70     7.0     133     20  --
   0.88  0.30   0.5221   0.5776  0.904   244     7     7     3     9    17.9    13.0    5     4.5      72     9.5     140     20  --
   0.88  0.20   0.5221   0.5776  0.896   242     7     8     4     9    20.6    13.5    5     6.0      72    10.5     140     20  --
   0.88  0.10   0.5221   0.5776  0.863   233     9    13     5    10    24.7    18.0    8     6.5      77    13.0     140     20  --
   0.88  0.05   0.5221   0.5776  0.815   220    10    17     7    16    31.5    19.0   12     7.0      77    13.0     140     20  -B
   0.90  1.00   0.5520   0.6130  0.993   268     0     1     1     0     8.4     7.5    3     0.0       0     0.0       0     12  --
   0.90  0.90   0.5520   0.6130  0.993   268     0     1     1     0     8.6     7.0    3     0.0      13     0.0      14     12  --
   0.90  0.80   0.5520   0.6130  0.993   268     0     1     1     0     9.3     7.0    3     2.5      31     3.0      56     12  --
   0.90  0.70   0.5520   0.6130  0.989   267     1     1     1     0    11.0    10.5    3     3.5      58     6.0      77     12  --
   0.90  0.60   0.5520   0.6130  0.981   265     2     2     1     0    11.4     8.0    3     4.5      69    10.5      77     12  --
   0.90  0.50   0.5520   0.6130  0.963   260     4     3     1     2    14.4    13.0    3     5.5      70    10.5     133     12  --
   0.90  0.40   0.5520   0.6130  0.956   258     5     3     2     2    14.3    12.0    3     6.5      70    12.0     133     12  --
   0.90  0.30   0.5520   0.6130  0.933   252     6     3     2     7    18.6    14.0    3    11.0      72    13.0     140     12  --
   0.90  0.20   0.5520   0.6130  0.922   249     6     4     3     8    22.6    14.0    3    11.0      72    16.5     140     12  --
   0.90  0.10   0.5520   0.6130  0.896   242     8     7     4     9    26.1    19.0    5    13.5      77    21.5     140     12  --
   0.90  0.05   0.5520   0.6130  0.870   235     9    10     5    11    29.2    18.5    8    13.5      77    22.0     140     12  --

-- 9.2 Matrica doli Centra (stroki -- q, stolbcy -- kappa) -------------------
      q   1.00   0.90   0.80   0.70   0.60   0.50   0.40   0.30   0.20   0.10   0.05
   0.00  0.000  0.000  0.000  0.000  0.000  0.000  0.000  0.000  0.000  0.000  0.000
   0.02  0.022  0.022  0.019  0.019  0.019  0.019  0.019  0.019  0.019  0.019  0.019
   0.04  0.063  0.063  0.059  0.059  0.056  0.048  0.041  0.041  0.041  0.041  0.041
   0.06  0.104  0.093  0.081  0.081  0.081  0.074  0.070  0.059  0.059  0.059  0.059
   0.08  0.148  0.133  0.122  0.100  0.093  0.093  0.085  0.081  0.067  0.067  0.067
   0.10  0.196  0.189  0.178  0.163  0.141  0.126  0.122  0.107  0.093  0.089  0.089
   0.12  0.207  0.204  0.204  0.196  0.181  0.159  0.137  0.133  0.115  0.100  0.100
   0.14  0.252  0.237  0.230  0.222  0.215  0.196  0.159  0.152  0.137  0.119  0.119
   0.16  0.285  0.281  0.274  0.259  0.248  0.233  0.204  0.181  0.170  0.141  0.141
   0.18  0.333  0.311  0.304  0.285  0.274  0.270  0.248  0.215  0.204  0.170  0.170
   0.20  0.359  0.333  0.326  0.319  0.296  0.285  0.270  0.233  0.215  0.193  0.189
   0.22  0.400  0.374  0.356  0.341  0.319  0.304  0.300  0.259  0.233  0.207  0.204
   0.24  0.433  0.404  0.385  0.367  0.359  0.333  0.322  0.296  0.259  0.233  0.226
   0.26  0.467  0.452  0.415  0.400  0.385  0.363  0.344  0.326  0.285  0.259  0.252
   0.28  0.481  0.470  0.444  0.422  0.400  0.385  0.352  0.341  0.296  0.267  0.259
   0.30  0.504  0.489  0.474  0.441  0.411  0.407  0.367  0.356  0.307  0.278  0.270
   0.32  0.541  0.526  0.500  0.467  0.444  0.437  0.411  0.393  0.359  0.311  0.296
   0.34  0.559  0.548  0.526  0.496  0.470  0.452  0.433  0.407  0.374  0.330  0.311
   0.36  0.615  0.581  0.570  0.537  0.511  0.481  0.463  0.430  0.400  0.359  0.341
   0.38  0.644  0.622  0.600  0.578  0.541  0.515  0.493  0.463  0.433  0.393  0.370
   0.40  0.678  0.641  0.607  0.589  0.559  0.526  0.500  0.467  0.441  0.396  0.374
   0.42  0.689  0.670  0.637  0.615  0.589  0.556  0.530  0.493  0.470  0.415  0.396
   0.44  0.700  0.689  0.652  0.626  0.611  0.574  0.548  0.522  0.496  0.441  0.430
   0.46  0.711  0.700  0.674  0.648  0.626  0.585  0.559  0.541  0.507  0.448  0.437
   0.48  0.737  0.726  0.700  0.674  0.644  0.600  0.581  0.563  0.522  0.470  0.459
   0.50  0.756  0.737  0.715  0.685  0.667  0.626  0.604  0.581  0.541  0.489  0.478
   0.52  0.778  0.752  0.733  0.707  0.685  0.652  0.622  0.596  0.559  0.500  0.493
   0.54  0.804  0.770  0.759  0.752  0.726  0.696  0.656  0.633  0.589  0.541  0.522
   0.56  0.815  0.778  0.763  0.756  0.733  0.711  0.667  0.644  0.596  0.563  0.530
   0.58  0.837  0.804  0.785  0.767  0.741  0.719  0.674  0.656  0.604  0.570  0.537
   0.60  0.863  0.826  0.793  0.781  0.759  0.726  0.693  0.667  0.626  0.589  0.552
   0.62  0.889  0.859  0.819  0.804  0.781  0.756  0.707  0.693  0.648  0.615  0.570
   0.64  0.896  0.874  0.830  0.819  0.807  0.774  0.752  0.733  0.678  0.644  0.604
   0.66  0.915  0.896  0.867  0.841  0.826  0.804  0.778  0.759  0.707  0.670  0.630
   0.68  0.919  0.911  0.878  0.848  0.837  0.815  0.796  0.767  0.719  0.678  0.637
   0.70  0.937  0.933  0.907  0.878  0.856  0.830  0.811  0.781  0.744  0.685  0.648
   0.72  0.944  0.941  0.919  0.893  0.881  0.848  0.833  0.796  0.759  0.700  0.663
   0.74  0.959  0.956  0.937  0.915  0.900  0.863  0.844  0.819  0.774  0.719  0.678
   0.76  0.963  0.956  0.952  0.926  0.911  0.881  0.852  0.830  0.781  0.722  0.681
   0.78  0.963  0.963  0.956  0.941  0.919  0.889  0.867  0.837  0.800  0.741  0.700
   0.80  0.967  0.967  0.959  0.948  0.930  0.911  0.885  0.856  0.826  0.778  0.733
   0.82  0.970  0.970  0.963  0.952  0.933  0.919  0.893  0.870  0.833  0.789  0.752
   0.84  0.974  0.974  0.970  0.967  0.944  0.930  0.904  0.893  0.867  0.819  0.774
   0.86  0.981  0.981  0.978  0.974  0.963  0.941  0.919  0.904  0.889  0.856  0.807
   0.88  0.985  0.985  0.981  0.974  0.963  0.952  0.926  0.904  0.896  0.863  0.815
   0.90  0.993  0.993  0.993  0.989  0.981  0.963  0.956  0.933  0.922  0.896  0.870

-- 9.3 Matrica sredney dlitel'nosti spella v kvadrante, dney -----------------
      q   1.00   0.90   0.80   0.70   0.60   0.50   0.40   0.30   0.20   0.10   0.05
   0.00   16.9   16.9   16.9   16.9   16.9   16.9   16.9   16.9   16.9   16.9   16.9
   0.02   16.2   16.3   16.4   16.5   16.4   16.5   16.6   16.8   17.0   17.2   17.3
   0.04   15.7   16.0   16.2   16.4   16.5   16.6   17.0   17.2   17.3   17.7   17.8
   0.06   14.7   15.1   15.7   16.0   16.4   16.6   17.1   17.3   17.6   17.8   18.1
   0.08   14.3   14.8   15.1   15.7   16.4   16.8   17.3   17.7   18.2   18.4   18.8
   0.10   14.0   14.3   14.7   15.4   15.9   16.7   17.2   17.7   18.3   18.6   19.0
   0.12   13.2   14.3   14.9   15.5   15.9   16.5   17.5   18.1   18.9   19.4   19.7
   0.14   13.1   13.6   14.4   15.4   16.1   16.7   17.3   18.4   19.1   19.9   20.1
   0.16   12.4   13.3   13.9   14.9   15.9   16.7   17.4   18.5   19.4   20.4   20.5
   0.18   11.8   12.9   13.9   14.7   15.9   16.7   17.5   18.5   19.4   20.5   20.8
   0.20   11.6   12.8   13.6   14.7   15.9   17.0   17.9   19.0   20.1   20.9   21.4
   0.22   11.0   12.2   13.4   14.5   15.4   17.0   17.9   18.8   20.3   21.4   21.9
   0.24   10.4   11.7   13.0   14.1   15.3   16.9   18.0   19.0   20.5   21.9   22.4
   0.26   10.1   11.2   12.9   14.3   15.5   16.8   18.2   19.3   20.7   22.2   22.7
   0.28    9.5   10.8   12.2   13.8   15.1   16.4   18.2   19.2   20.8   22.5   23.1
   0.30    9.2   10.3   11.6   13.2   14.7   16.1   18.0   19.1   20.9   22.7   23.4
   0.32    9.1   10.2   11.2   13.0   14.6   15.9   17.5   19.0   20.8   23.2   24.0
   0.34    9.2   10.1   11.3   12.8   14.3   16.1   17.6   19.1   21.1   23.7   24.7
   0.36    8.9   10.1   11.1   12.5   14.2   16.1   17.7   19.6   21.6   24.7   25.5
   0.38    9.0   10.0   11.2   12.7   14.4   16.3   18.0   20.1   22.2   25.6   26.2
   0.40    8.7    9.8   11.2   12.5   14.0   16.2   18.0   20.3   22.2   25.7   26.4
   0.42    8.4    9.6   11.1   12.4   13.7   15.6   17.7   20.4   22.0   25.9   26.4
   0.44    7.8    9.5   10.8   12.2   13.5   15.3   17.7   20.0   21.9   26.6   27.2
   0.46    7.4    9.2   10.5   12.1   13.4   15.2   17.2   19.6   21.5   26.3   27.3
   0.48    7.3    8.9   10.3   12.0   13.5   15.2   17.6   19.6   22.1   26.8   27.9
   0.50    7.0    8.3   10.1   11.7   13.3   15.1   17.3   19.6   22.9   27.5   28.4
   0.52    6.7    8.1    9.9   11.4   13.2   14.9   17.5   19.9   23.0   27.4   28.5
   0.54    6.5    8.2    9.3   10.6   12.3   14.3   16.7   19.7   23.5   27.4   29.3
   0.56    6.2    8.2    9.5   10.9   12.3   14.1   16.4   19.6   23.6   27.0   29.8
   0.58    6.2    7.7    9.1   10.7   12.0   13.9   16.1   19.3   23.9   27.3   30.7
   0.60    6.0    7.5    9.0   10.3   11.7   13.7   16.0   18.9   23.1   26.5   30.1
   0.62    5.8    6.9    8.5    9.6   11.0   12.7   15.6   17.8   22.7   25.9   29.8
   0.64    5.4    6.7    8.6    9.5   10.6   12.1   14.1   16.6   22.0   24.7   28.4
   0.66    5.4    6.6    8.4    9.4   10.5   11.9   13.8   16.4   21.2   23.8   27.5
   0.68    5.5    6.7    8.4    9.4   10.4   11.6   13.7   16.3   21.1   24.2   28.0
   0.70    5.8    6.7    8.2    9.8   10.5   11.8   14.1   16.7   20.0   24.1   28.1
   0.72    5.6    6.5    7.9   10.1   10.8   11.8   13.8   17.0   20.3   24.4   28.2
   0.74    5.8    6.7    7.8    9.7   10.6   11.9   13.9   16.8   20.7   24.9   28.7
   0.76    5.5    6.8    7.8    9.3   10.6   11.6   13.5   15.8   19.9   25.4   29.4
   0.78    5.6    6.7    7.6    9.1   10.7   11.9   13.2   16.2   19.6   25.5   29.6
   0.80    5.7    6.8    7.5    8.6   10.9   12.0   13.1   16.3   19.9   25.9   31.2
   0.82    5.5    6.5    8.0    8.7   11.1   12.2   13.2   16.4   20.9   26.7   31.4
   0.84    5.5    7.2    8.5    9.5   11.3   12.9   13.7   16.9   19.7   25.8   31.8
   0.86    5.8    7.3    9.1    9.7   11.4   13.2   13.8   17.4   20.2   24.1   30.7
   0.88    7.0    7.3    8.8    9.6   11.0   13.8   14.2   17.9   20.6   24.7   31.5
   0.90    8.4    8.6    9.3   11.0   11.4   14.4   14.3   18.6   22.6   26.1   29.2

-- 9.4 Matrica: A / B / AB / '.' (nichego) -----------------------------------
      q 1.00 0.90 0.80 0.70 0.60 0.50 0.40 0.30 0.20 0.10 0.05
   0.00    .    .    .    .    .    .    .    .    .    .    .
   0.02    .    .    .    .    .    .    .    .    .    .    .
   0.04    .    .    .    .    .    .    .    .    .    .    .
   0.06    .    .    .    .    .    .    .    .    .    .    .
   0.08    .    .    .    .    .    .    .    .    .    .    .
   0.10    A    A    A    A    .    .    .    .    .    .    .
   0.12    A    A    A    A    A    A    .    .    .    .    .
   0.14    .    A    A    A    A    A    A    A    .    .    .
   0.16    .    .    .    .    A    A    A    A    A    .    .
   0.18    .    .    .    .    .    .    A    A    A    A    A
   0.20    .    .    .    .    .    .    .    A    A    A    A
   0.22    .    .    .    .    .    .    .    .    A    A    A
   0.24    .    .    .    .    .    .    .    .    .    A    A
   0.26    .    .    .    .    .    .    .    .    .    .    .
   0.28    .    .    .    .    .    .    .    .    .    .    .
   0.30    .    .    .    .    .    .    .    .    .    .    .
   0.32    .    .    .    .    .    .    .    .    .    .    .
   0.34    .    .    .    .    .    .    .    .    .    .    .
   0.36    .    .    .    .    .    .    .    .    .    .    .
   0.38    .    .    .    .    .    .    .    .    .    .    .
   0.40    .    .    .    .    .    .    .    .    .    .    .
   0.42    .    .    .    .    .    .    .    .    .    .    .
   0.44    .    .    .    .    .    .    .    .    .    .    .
   0.46    .    .    .    .    .    .    .    .    .    .    .
   0.48    .    .    .    .    .    .    .    .    .    .    .
   0.50    .    .    .    .    .    .    .    .    .    .    .
   0.52    .    .    .    .    .    .    .    .    .    .    .
   0.54    .    .    .    .    .    .    .    .    .    .    .
   0.56    .    .    .    .    .    .    .    .    .    .    .
   0.58    .    .    .    .    .    .    .    .    .    .    B
   0.60    .    .    .    .    .    .    .    .    .    .    B
   0.62    .    .    .    .    .    .    .    .    .    .    .
   0.64    .    .    .    .    .    .    .    .    .    .    .
   0.66    .    .    .    .    .    .    .    .    .    .    .
   0.68    .    .    .    .    .    .    .    .    .    .    .
   0.70    .    .    .    .    .    .    .    .    .    .    .
   0.72    .    .    .    .    .    .    .    .    .    .    .
   0.74    .    .    .    .    .    .    .    .    .    .    .
   0.76    .    .    .    .    .    .    .    .    .    .    .
   0.78    .    .    .    .    .    .    .    .    .    .    .
   0.80    .    .    .    .    .    .    .    .    .    .    B
   0.82    .    .    .    .    .    .    .    .    .    .    B
   0.84    .    .    .    .    .    .    .    .    .    .    B
   0.86    .    .    .    .    .    .    .    .    .    .    B
   0.88    .    .    .    .    .    .    .    .    .    .    B
   0.90    .    .    .    .    .    .    .    .    .    .    .

==============================================================================
10. Sushchestvuet li para (q, kappa), berushchaya A i B odnovremenno
==============================================================================
KONTROL-SLOVO-Z26
  yacheek vsego:                       506
  udovletvoryayut trebovaniyu A:        36
  udovletvoryayut trebovaniyu B:         7
  udovletvoryayut oboim (A i B):         0

  MNOZHESTVO RESHENIY PUSTO.

-- 10.1 Forma svyazi: gde lezhat A-dopustimye i B-dopustimye -----------------
  A-dopustimye po kappa (dlya kazhdogo kappa -- diapazon q):
    kappa=1.00  q 0.10 .. 0.12, uzlov 2
    kappa=0.90  q 0.10 .. 0.14, uzlov 3
    kappa=0.80  q 0.10 .. 0.14, uzlov 3
    kappa=0.70  q 0.10 .. 0.14, uzlov 3
    kappa=0.60  q 0.12 .. 0.16, uzlov 3
    kappa=0.50  q 0.12 .. 0.16, uzlov 3
    kappa=0.40  q 0.14 .. 0.18, uzlov 3
    kappa=0.30  q 0.14 .. 0.20, uzlov 4
    kappa=0.20  q 0.16 .. 0.22, uzlov 4
    kappa=0.10  q 0.18 .. 0.24, uzlov 4
    kappa=0.05  q 0.18 .. 0.24, uzlov 4
  B-dopustimye po kappa:
    kappa=1.00  net ni odnogo uzla
    kappa=0.90  net ni odnogo uzla
    kappa=0.80  net ni odnogo uzla
    kappa=0.70  net ni odnogo uzla
    kappa=0.60  net ni odnogo uzla
    kappa=0.50  net ni odnogo uzla
    kappa=0.40  net ni odnogo uzla
    kappa=0.30  net ni odnogo uzla
    kappa=0.20  net ni odnogo uzla
    kappa=0.10  net ni odnogo uzla
    kappa=0.05  q 0.58 .. 0.88, uzlov 7

-- 10.2 Naskol'ko nedostizhimo to, chto nedostizhimo -------------------------
  Maksimum sredney dlitel'nosti spella SREDI A-dopustimyh:
    22.4 dnya pri q=0.24 kappa=0.05 (trebuetsya 30; nedobor 7.6 dnya, to est' v 1.34 raza)
  Maksimum sredney dlitel'nosti spella po VSEY setke:
    31.8 dnya pri q=0.84 kappa=0.05 (dolya Centra tam 0.774)
  Dolya Centra sredi B-dopustimyh: min 0.537, mediana 0.752, max 0.815
    blizhayshaya k polose [0.15 .. 0.25]: 0.537 pri q=0.58 kappa=0.05

-- 10.3 Predel konstrukcii pri theta_lo -> 0 (GRANICA, a NE uzel setki) ------
  Zachem. Setka ob'yavlena do raschyota i ne rasshiryaetsya (sec.9 zap.1).
  No vopros 'a ne zakroet li razryv eshchyo men'shiy kappa' ostalsya by
  otkrytym. On zakryvaetsya ne rasshireniem poiska, a GRANICEY: pri
  theta_lo -> 0 os' otpuskaet znak tol'ko pri perehode score cherez nol' --
  eto predel togo, chto gisterezis voobshche mozhet sdelat'. kappa = 0
  RESHENIEM BYT' NE MOZHET: sec.1.4.10 trebuet kappa iz (0, 1]. Nizhe --
  verhnyaya granica, a ne kandidat. (sec.11 zapis' 3)
       q    Centr    spell  spellov
    0.12    0.096     20.2      361
    0.14    0.115     20.8      344
    0.16    0.137     21.4      328
    0.18    0.167     21.5      321   <- v polose A
    0.20    0.185     22.2      303   <- v polose A
    0.22    0.200     22.7      291   <- v polose A
    0.24    0.222     23.2      278   <- v polose A
    0.26    0.248     23.4      267   <- v polose A
    0.28    0.256     23.8      260
    0.30    0.267     24.2      252
    0.32    0.293     24.9      238
    0.34    0.307     25.5      223
  V PREDELE maksimum spella sredi A-dopustimyh: 23.4 dnya pri q=0.26
  Trebuetsya 30. Nedobor v predele: 6.6 dnya (v 1.28 raza).
  -> Razryv ne zakryvaetsya NIKAKIM kappa: dazhe v nedostizhimom predele.
  V PREDELE maksimum spella po vsem q: 36.6 pri q=0.90 (Centr 0.837)

-- 10.4 Vybor vnutri mnozhestva resheniy (pravilo HYPOTHESIS sec.7.2) --------
  Mnozhestvo pusto -> beryotsya OPORNAYA yacheyka (sec.7.2): ta, chto
  maksimiziruet srednyuyu dlitel'nost' spella sredi A-dopustimyh.
  Vybrano (opornaya yacheyka (mnozhestvo resheniy pusto)): q=0.24 kappa=0.05

==============================================================================
11. Podrobnyy razbor: q=0.24 kappa=0.05
==============================================================================
KONTROL-SLOVO-Z26
  theta_hi = (0.1505, 0.1164), theta_lo = (0.0075, 0.0058)
  Centr 0.2259 (61 mes.) | kvadranty 0.7741 | ANOMALY 0
  raspredelenie: {'CENTER': 61, 'I': 45, 'II': 77, 'III': 33, 'IV': 54, 'ANOMALY': 0}
  spellov v kvadrante 285, srednyaya 22.44 dn., mediana 11.0 dn.
  trebovanie A (0.15..0.25): VZYATO | trebovanie B (>=30 dn.): NE VZYATO
  par s n >= 24: 14 iz 14; n po param: {'SIZE': 270, 'STYLE': 160, 'GEO': 270, 'TECHMAT': 99, 'DISCSTAP': 110, 'CYCNON': 164, 'MATFIN': 54, 'DUR': 132, 'CRED': 164, 'GOLD': 209, 'COMM': 209, 'OIL': 54, 'USD': 110, 'VIX': 110}
  ustoychivost': kvadrantnyh mes. 2004-2014 100/132, 2015-2026 109/138

-- 11.1 Zaderzhka na razvorotah -- raspredelenie, obe mery -------------------
  razvorotov: os' FED 181, os' MACRO 57, vsego 238
  LAST (pred-registrirovannaya, sec.5.1):
    min 0 | 25% 0.0 | mediana 1.0 | 75% 3.8 | max 40 | srednee 3.0
    gistogramma: {'0': 99, '1-7': 122, '31-90': 4, '8-30': 13}
  HOLD (soprovozhdayushchaya, sec.11 zap.2):
    min 0 | 25% 0.0 | mediana 3.0 | 75% 13.0 | max 376 | srednee 16.2
    gistogramma: {'0': 76, '1-7': 89, '31-90': 19, '366+': 1, '8-30': 44, '91-365': 9}
  dolya dney, gde znak osi otlichaetsya ot kappa=1: 0.2399

-- 11.2 Zaderzhka po vsey setke: cena trebovaniya B --------------------------
  Stroki: vse B-dopustimye, vse A-dopustimye i ves' sloy kappa=1.
      q kappa  AB   spell LASTmed  LAST75 HOLDmed HOLDmax      n
   0.00  1.00  --    16.9     0.0     0.0     0.0       0    492
   0.02  1.00  --    16.2     0.0     0.0     0.0       0    448
   0.04  1.00  --    15.7     0.0     0.0     0.0       0    408
   0.06  1.00  --    14.7     0.0     0.0     0.0       0    384
   0.08  1.00  --    14.3     0.0     0.0     0.0       0    350
   0.10  1.00  A-    14.0     0.0     0.0     0.0       0    326
   0.10  0.90  A-    14.3     0.0     0.0     0.0       7    326
   0.10  0.80  A-    14.7     0.0     0.0     0.0      30    326
   0.10  0.70  A-    15.4     0.0     0.0     0.0     101    326
   0.12  1.00  A-    13.2     0.0     0.0     0.0       0    310
   0.12  0.90  A-    14.3     0.0     0.0     0.0      90    310
   0.12  0.80  A-    14.9     0.0     0.0     0.0      90    310
   0.12  0.70  A-    15.5     0.0     0.0     0.0      90    310
   0.12  0.60  A-    15.9     0.0     0.0     0.0     101    310
   0.12  0.50  A-    16.5     0.0     0.0     0.0     101    310
   0.14  1.00  --    13.1     0.0     0.0     0.0       0    294
   0.14  0.90  A-    13.6     0.0     0.0     0.0     120    294
   0.14  0.80  A-    14.4     0.0     0.0     0.0     120    294
   0.14  0.70  A-    15.4     0.0     0.0     0.0     120    294
   0.14  0.60  A-    16.1     0.0     0.0     0.0     120    294
   0.14  0.50  A-    16.7     0.0     0.0     0.0     120    294
   0.14  0.40  A-    17.3     0.0     0.0     0.0     120    294
   0.14  0.30  A-    18.4     0.0     0.0     0.0     165    294
   0.16  1.00  --    12.4     0.0     0.0     0.0       0    278
   0.16  0.60  A-    15.9     0.0     0.0     0.0     120    278
   0.16  0.50  A-    16.7     0.0     0.0     0.0     120    278
   0.16  0.40  A-    17.4     0.0     0.0     0.0     120    278
   0.16  0.30  A-    18.5     0.0     1.0     0.0     165    278
   0.16  0.20  A-    19.4     0.0     1.0     1.0     165    278
   0.18  1.00  --    11.8     0.0     0.0     0.0       0    272
   0.18  0.40  A-    17.5     0.0     1.0     0.0     120    272
   0.18  0.30  A-    18.5     0.0     1.0     1.0     165    272
   0.18  0.20  A-    19.4     0.0     1.0     1.0     175    272
   0.18  0.10  A-    20.5     0.0     2.0     1.0     175    272
   0.18  0.05  A-    20.8     0.0     2.0     2.0     175    272
   0.20  1.00  --    11.6     0.0     0.0     0.0       0    260
   0.20  0.30  A-    19.0     0.0     1.0     1.0     404    260
   0.20  0.20  A-    20.1     0.0     2.0     1.0     404    260
   0.20  0.10  A-    20.9     0.5     3.0     2.0     404    260
   0.20  0.05  A-    21.4     1.0     3.0     3.0     404    260
   0.22  1.00  --    11.0     0.0     0.0     0.0       0    244
   0.22  0.20  A-    20.3     0.0     2.0     2.0     404    244
   0.22  0.10  A-    21.4     1.0     3.0     2.0     404    244
   0.22  0.05  A-    21.9     1.0     3.0     3.0     404    244
   0.24  1.00  --    10.4     0.0     0.0     0.0       0    238
   0.24  0.10  A-    21.9     1.0     3.0     3.0     376    238
   0.24  0.05  A-    22.4     1.0     3.8     3.0     376    238
   0.26  1.00  --    10.1     0.0     0.0     0.0       0    224
   0.28  1.00  --     9.5     0.0     0.0     0.0       0    220
   0.30  1.00  --     9.2     0.0     0.0     0.0       0    212
   0.32  1.00  --     9.1     0.0     0.0     0.0       0    200
   0.34  1.00  --     9.2     0.0     0.0     0.0       0    184
   0.36  1.00  --     8.9     0.0     0.0     0.0       0    166
   0.38  1.00  --     9.0     0.0     0.0     0.0       0    152
   0.40  1.00  --     8.7     0.0     0.0     0.0       0    140
   0.42  1.00  --     8.4     0.0     0.0     0.0       0    132
   0.44  1.00  --     7.8     0.0     0.0     0.0       0    123
   0.46  1.00  --     7.4     0.0     0.0     0.0       0    119
   0.48  1.00  --     7.3     0.0     0.0     0.0       0    111
   0.50  1.00  --     7.0     0.0     0.0     0.0       0    103
   0.52  1.00  --     6.7     0.0     0.0     0.0       0     99
   0.54  1.00  --     6.5     0.0     0.0     0.0       0     95
   0.56  1.00  --     6.2     0.0     0.0     0.0       0     92
   0.58  1.00  --     6.2     0.0     0.0     0.0       0     86
   0.58  0.05  -B    30.7     3.0     7.0     5.5     188     86
   0.60  1.00  --     6.0     0.0     0.0     0.0       0     78
   0.60  0.05  -B    30.1     3.0     6.0     6.0     173     78
   0.62  1.00  --     5.8     0.0     0.0     0.0       0     70
   0.64  1.00  --     5.4     0.0     0.0     0.0       0     66
   0.66  1.00  --     5.4     0.0     0.0     0.0       0     66
   0.68  1.00  --     5.5     0.0     0.0     0.0       0     62
   0.70  1.00  --     5.8     0.0     0.0     0.0       0     54
   0.72  1.00  --     5.6     0.0     0.0     0.0       0     54
   0.74  1.00  --     5.8     0.0     0.0     0.0       0     50
   0.76  1.00  --     5.5     0.0     0.0     0.0       0     48
   0.78  1.00  --     5.6     0.0     0.0     0.0       0     40
   0.80  1.00  --     5.7     0.0     0.0     0.0       0     34
   0.80  0.05  -B    31.2     5.0    10.8    11.0     112     34
   0.82  1.00  --     5.5     0.0     0.0     0.0       0     32
   0.82  0.05  -B    31.4     4.5    11.5     9.5     126     32
   0.84  1.00  --     5.5     0.0     0.0     0.0       0     28
   0.84  0.05  -B    31.8     5.5    18.5    12.0     133     28
   0.86  1.00  --     5.8     0.0     0.0     0.0       0     24
   0.86  0.05  -B    30.7     5.5    12.5    12.0     133     24
   0.88  1.00  --     7.0     0.0     0.0     0.0       0     20
   0.88  0.05  -B    31.5     7.0    15.8    13.0     140     20
   0.90  1.00  --     8.4     0.0     0.0     0.0       0     12

-- 11.3 Flag uverennosti -----------------------------------------------------
  (a) struktura golosovaniya po 270 mesyacam -- ot (q, kappa) NE zavisit:
      {'I/2': 22, 'I/3': 9, 'II/2': 7, 'II/3': 2, 'III/2': 9, 'III/3': 2, 'IV/2': 12, 'IV/3': 8, 'NOAGREE/1': 47, 'PARALLEL/2': 89, 'PARALLEL/3': 44, 'TWIST/2': 16, 'TWIST/3': 3}
  (b) pyatiznachnyy flag na vybrannoy yacheyke:
      STRONG                          5  (0.019)  -- podtverzhdena/sil'naya
      WEAK                            8  (0.030)  -- podtverzhdena/slabaya
      CONTRADICTS                    80  (0.296)  -- protivorechit
      NO_INFO                        99  (0.367)  -- net informacii
      TWIST                          17  (0.063)  -- tvist
      NO_STATE                       61  (0.226)  -- net sostoyaniya dlya sverki
      sredi 209 mesyacev s nazvannym kvadrantom: podtverzhdena (sil'naya+slabaya) 13 (0.062), protivorechit 80 (0.383)
  (v) lift soglasiya na vybrannoy yacheyke -- chtoby dolya 'podtverzhdena'
      byla chitaema: nablyudyonnaya dolya sovpadeniy protiv ozhidaniya pri
      nezavisimosti, na mesyacah, gde I sostoyanie, I golosovanie nazyvayut
      kvadrant.
      mesyacev v sverke 52 | nablyudeno 0.250 | ozhidanie 0.219 | lift 1.140
      raspredelenie sostoyaniy {'I': 0.192, 'II': 0.442, 'III': 0.115, 'IV': 0.25} protiv formy {'I': 0.519, 'II': 0.077, 'III': 0.115, 'IV': 0.288}
  (g) flag po vsem A-dopustimym yacheykam (razbros doli 'podtverzhdena'):
      min 0.062 | mediana 0.069 | max 0.075 (po 36 yacheykam)

-- 11.4 Pomesyachnye sostoyaniya vybrannoy yacheyki (pervye i poslednie 12) --
    2004-01  II
    2004-02  CENTER
    2004-03  CENTER
    2004-04  CENTER
    2004-05  II
    2004-06  IV
    2004-07  III
    2004-08  IV
    2004-09  CENTER
    2004-10  IV
    2004-11  IV
    2004-12  IV
    ...      ...
    2025-07  III
    2025-08  CENTER
    2025-09  CENTER
    2025-10  II
    2025-11  CENTER
    2025-12  CENTER
    2026-01  CENTER
    2026-02  I
    2026-03  II
    2026-04  CENTER
    2026-05  II
    2026-06  III

==============================================================================
12. Storozha discipliny (HYPOTHESIS sec.1.3)
==============================================================================
KONTROL-SLOVO-Z26
  Simvoly Yahoo, zaproshennye za ves' progon: ['CL=F', 'DX-Y.NYB', 'GC=F', 'HG=F', 'ZQ=F']
  Iz nih v svyortke v2 uchastvuet: ['ZQ=F']
  Ostal'nye chetyre -- tol'ko dlya kontrolya vosproizvedeniya Z05 (D0).
  Instrumentov par vne belogo spiska zaprosheno: 0
  Klyuchi Z05/result.json, prochitannye za progon: ['month_end_dates', 'monthly_states', 'pairs', 'state_distribution', 'theta', 'validator_effect']
  Zapreshchyonnyh klyuchey prochitano: 0
  Funkcii, opredelyonnye v module (43):
    Step, _wo, _yahoo, _z05, add_months, avail_date, axis, classify_z05, d2, daily_speed, flag_of, head, hyst_signs, last_dom, load, mad, mean_spell_all, median, memoryless_signs, mkey, monthly_level, monthly_speed, norm_speed, observed, pair_n, parts_at, phase_c, quad_spell_stats, quantile, reversal_delays, rolling_scale, s2, say, shape_at, shape_vote, shift_days, sign, spells, states_of, sub, to_step_monthly, validator_ok_list, weekly_speed
  Iz nih s priznakami raschyota dohodnosti: 0 []

result.json zapisan; sha256 = 904b6515d6d8c321a109f9828bcfc7ed6f6b753aec07311e41d7270f82888243
Vremeni na progon: 122.0 s (v result.json vremya NE pishetsya -- trebovanie pobitovogo determinizma)
KONTROL-SLOVO-Z26 -- konec progona
